date,type,total,pct
2020-03-01,bridgetunnel,786961,NA
2020-03-01,bus,984900,NA
2020-03-01,citibike,31956,NA
2020-03-01,subway,2214601,NA
2020-03-02,bridgetunnel,874620,NA
2020-03-02,bus,2209100,NA
2020-03-02,citibike,57102,NA
2020-03-02,subway,5347055,NA
2020-03-03,bridgetunnel,882175,NA
2020-03-03,bus,2228600,NA
2020-03-03,citibike,49861,NA
2020-03-03,subway,5498556,NA
2020-03-04,bridgetunnel,905558,3.000000000000014
2020-03-04,bus,2177200,2.571428571428598
2020-03-04,citibike,58796,8.59999999999981
2020-03-04,subway,5515945,-0.9857142857143657
2020-03-05,bridgetunnel,929298,1.8000000000000256
2020-03-05,bus,2244500,3.428571428571459
2020-03-05,citibike,58830,15.285714285714093
2020-03-05,subway,5513656,-0.7428571428572184
2020-03-06,bridgetunnel,945408,-2.799999999999983
2020-03-06,bus,2066700,-3.285714285714249
2020-03-06,citibike,34233,19.02857142857124
2020-03-06,subway,5204732,-5.64285714285721
2020-03-07,bridgetunnel,827908,-3.385714285714272
2020-03-07,bus,1249100,-4.14285714285711
2020-03-07,citibike,39562,23.357142857142676
2020-03-07,subway,2817082,-7.242857142857204
2020-03-08,bridgetunnel,765084,-4.328571428571422
2020-03-08,bus,957200,-5.14285714285711
2020-03-08,citibike,47113,24.299999999999827
2020-03-08,subway,2122328,-9.428571428571473
2020-03-09,bridgetunnel,860073,-5.442857142857136
2020-03-09,bus,2124800,-7.571428571428541
2020-03-09,citibike,68942,21.871428571428396
2020-03-09,subway,4989635,-12.857142857142904
2020-03-10,bridgetunnel,855585,-6.842857142857127
2020-03-10,bus,2112000,-9.857142857142819
2020-03-10,citibike,64465,24.828571428571266
2020-03-10,subway,4883623,-17.08571428571433
2020-03-11,bridgetunnel,866706,-10.071428571428555
2020-03-11,bus,2113000,-12.428571428571402
2020-03-11,citibike,61964,26.499999999999815
2020-03-11,subway,4712462,-22.500000000000043
2020-03-12,bridgetunnel,881188,-15.185714285714269
2020-03-12,bus,1938400,-17.85714285714282
2020-03-12,citibike,51445,21.699999999999818
2020-03-12,subway,4163674,-30.042857142857187
2020-03-13,bridgetunnel,860419,-17.457142857142827
2020-03-13,bus,1715700,-23.28571428571425
2020-03-13,citibike,43454,9.257142857142668
2020-03-13,subway,3496765,-37.05714285714289
2020-03-14,bridgetunnel,631101,-20.68571428571427
2020-03-14,bus,993300,-29.57142857142854
2020-03-14,citibike,44333,-2.628571428571618
2020-03-14,subway,1672800,-44.64285714285718
2020-03-15,bridgetunnel,535988,-24.18571428571427
2020-03-15,bus,711600,-35.99999999999997
2020-03-15,citibike,36221,-11.91428571428591
2020-03-15,subway,1159079,-52.20000000000004
2020-03-16,bridgetunnel,708870,-28.371428571428538
2020-03-16,bus,1237300,-41.57142857142854
2020-03-16,citibike,29542,-22.0000000000002
2020-03-16,subway,2184296,-58.77142857142861
2020-03-17,bridgetunnel,650445,-32.34285714285711
2020-03-17,bus,1094900,-46.71428571428568
2020-03-17,citibike,24390,-25.857142857143046
2020-03-17,subway,1793359,-64.21428571428575
2020-03-18,bridgetunnel,634853,-36.1285714285714
2020-03-18,bus,1059500,-50.999999999999964
2020-03-18,citibike,30562,-30.242857142857346
2020-03-18,subway,1629413,-68.78571428571433
2020-03-19,bridgetunnel,569696,-40.67142857142854
2020-03-19,bus,933600,-55.857142857142826
2020-03-19,citibike,20894,-37.42857142857163
2020-03-19,subway,1425564,-73.1714285714286
2020-03-20,bridgetunnel,563262,-46.199999999999974
2020-03-20,bus,868600,-59.999999999999964
2020-03-20,citibike,31414,-45.500000000000206
2020-03-20,subway,1312249,-77.08571428571433
2020-03-21,bridgetunnel,382993,-50.185714285714255
2020-03-21,bus,564900,-62.71428571428568
2020-03-21,citibike,31853,-46.51428571428592
2020-03-21,subway,620662,-79.7571428571429
2020-03-22,bridgetunnel,277051,-54.21428571428568
2020-03-22,bus,378900,-65.28571428571425
2020-03-22,citibike,19934,-51.985714285714494
2020-03-22,subway,409364,-82.11428571428576
2020-03-23,bridgetunnel,361514,-57.31428571428568
2020-03-23,bus,578200,-67.42857142857139
2020-03-23,citibike,4012,-51.61428571428592
2020-03-23,subway,711138,-84.08571428571433
2020-03-24,bridgetunnel,395493,-59.914285714285676
2020-03-24,bus,657800,-69.14285714285711
2020-03-24,citibike,20948,-53.17142857142877
2020-03-24,subway,743314,-85.81428571428576
2020-03-25,bridgetunnel,375767,-62.39999999999996
2020-03-25,bus,618000,-71.14285714285711
2020-03-25,citibike,12100,-61.242857142857346
2020-03-25,subway,691604,-87.28571428571433
2020-03-26,bridgetunnel,390117,-63.48571428571425
2020-03-26,bus,646100,-71.71428571428568
2020-03-26,citibike,22049,-65.75714285714307
2020-03-26,subway,681923,-88.02857142857147
2020-03-27,bridgetunnel,396778,-63.81428571428568
2020-03-27,bus,641800,-71.85714285714283
2020-03-27,citibike,26576,-62.25714285714306
2020-03-27,subway,658312,-88.50000000000004
2020-03-28,bridgetunnel,240702,-64.7285714285714
2020-03-28,bus,403700,-72.71428571428568
2020-03-28,citibike,8888,-64.01428571428592
2020-03-28,subway,332993,-89.11428571428576
2020-03-29,bridgetunnel,197154,-65.28571428571425
2020-03-29,bus,306800,-73.57142857142854
2020-03-29,citibike,9691,-63.44285714285734
2020-03-29,subway,264119,-89.60000000000004
2020-03-30,bridgetunnel,344690,-66.07142857142854
2020-03-30,bus,563900,-74.71428571428568
2020-03-30,citibike,15081,-66.38571428571449
2020-03-30,subway,546355,-90.11428571428576
2020-03-31,bridgetunnel,337626,-66.8285714285714
2020-03-31,bus,514300,-75.71428571428568
2020-03-31,citibike,15022,-71.57142857142878
2020-03-31,subway,509149,-90.58571428571433
2020-04-01,bridgetunnel,342222,-66.81428571428569
2020-04-01,bus,495400,-75.99999999999997
2020-04-01,citibike,20423,-67.54285714285734
2020-04-01,lirr,10500,NA
2020-04-01,metronorth,13600,NA
2020-04-01,subway,514201,-90.81428571428576
2020-04-02,bridgetunnel,339734,-66.9285714285714
2020-04-02,bus,472700,-76.14285714285711
2020-04-02,citibike,19051,-65.0000000000002
2020-04-02,lirr,10100,NA
2020-04-02,metronorth,13700,NA
2020-04-02,subway,486468,-91.18571428571433
2020-04-03,bridgetunnel,340273,-67.14285714285711
2020-04-03,bus,483800,-76.85714285714283
2020-04-03,citibike,11347,-63.28571428571449
2020-04-03,lirr,9700,NA
2020-04-03,metronorth,13200,NA
2020-04-03,subway,484200,-91.44285714285718
2020-04-04,bridgetunnel,243323,-67.2285714285714
2020-04-04,bus,383400,-77.28571428571425
2020-04-04,citibike,28935,-62.42857142857163
2020-04-04,lirr,3700,-97
2020-04-04,metronorth,8100,-95
2020-04-04,subway,282703,-91.61428571428576
2020-04-05,bridgetunnel,209152,-67.58571428571426
2020-04-05,bus,299600,-77.71428571428568
2020-04-05,citibike,25810,-62.35714285714306
2020-04-05,lirr,3000,-97
2020-04-05,metronorth,5600,-95
2020-04-05,subway,227603,-91.81428571428576
2020-04-06,bridgetunnel,335769,-68.09999999999997
2020-04-06,bus,454900,-78.14285714285711
2020-04-06,citibike,24712,-63.44285714285735
2020-04-06,lirr,10100,-97
2020-04-06,metronorth,14400,-95.14285714285714
2020-04-06,subway,446273,-91.98571428571432
2020-04-07,bridgetunnel,335470,-68.59999999999997
2020-04-07,bus,441000,-78.57142857142854
2020-04-07,citibike,23691,-61.971428571428774
2020-04-07,lirr,9300,-97
2020-04-07,metronorth,14100,-95.14285714285714
2020-04-07,subway,435718,-92.20000000000005
2020-04-08,bridgetunnel,324882,-68.47142857142853
2020-04-08,bus,431700,-78.57142857142854
2020-04-08,citibike,20793,-60.914285714285924
2020-04-08,lirr,9000,-97.14285714285714
2020-04-08,metronorth,13500,-95.14285714285714
2020-04-08,subway,428206,-92.31428571428576
2020-04-09,bridgetunnel,303481,-68.15714285714283
2020-04-09,bus,401900,-78.85714285714283
2020-04-09,citibike,14224,-59.37142857142878
2020-04-09,lirr,8400,-97.28571428571429
2020-04-09,metronorth,12900,-95.14285714285714
2020-04-09,subway,405325,-92.47142857142862
2020-04-10,bridgetunnel,314100,-68.95714285714283
2020-04-10,bus,414100,-79.42857142857139
2020-04-10,citibike,16318,-63.8000000000002
2020-04-10,lirr,8200,-97.28571428571429
2020-04-10,metronorth,13000,-95.14285714285714
2020-04-10,subway,400947,-92.68571428571433
2020-04-11,bridgetunnel,254755,-68.8285714285714
2020-04-11,bus,378200,-79.28571428571425
2020-04-11,citibike,33255,-63.42857142857164
2020-04-11,lirr,2700,-97.28571428571429
2020-04-11,metronorth,7600,-95.14285714285714
2020-04-11,subway,257467,-92.72857142857147
2020-04-12,bridgetunnel,217871,-68.69999999999996
2020-04-12,bus,279100,-79.14285714285711
2020-04-12,citibike,31646,-63.12857142857164
2020-04-12,lirr,2200,-97.28571428571429
2020-04-12,metronorth,5100,-95.14285714285714
2020-04-12,subway,198693,-92.77142857142861
2020-04-13,bridgetunnel,284609,-68.21428571428568
2020-04-13,bus,347800,-78.71428571428568
2020-04-13,citibike,7823,-61.914285714285924
2020-04-13,lirr,8200,-97.28571428571429
2020-04-13,metronorth,13000,-95
2020-04-13,subway,363961,-92.7571428571429
2020-04-14,bridgetunnel,356104,-67.09999999999997
2020-04-14,bus,470900,-77.57142857142854
2020-04-14,citibike,25371,-61.14285714285735
2020-04-14,lirr,8800,-97.28571428571429
2020-04-14,metronorth,14100,-95
2020-04-14,subway,430946,-92.4571428571429
2020-04-15,bridgetunnel,340213,-66.62857142857139
2020-04-15,bus,454100,-77.28571428571425
2020-04-15,citibike,22247,-65.41428571428592
2020-04-15,lirr,8600,-97.28571428571429
2020-04-15,metronorth,13800,-95
2020-04-15,subway,419851,-92.28571428571432
2020-04-16,bridgetunnel,346342,-65.79999999999995
2020-04-16,bus,447000,-76.71428571428568
2020-04-16,citibike,19612,-61.3000000000002
2020-04-16,lirr,8500,-97.28571428571429
2020-04-16,metronorth,13800,-94.85714285714286
2020-04-16,subway,421013,-92.05714285714289
2020-04-17,bridgetunnel,378350,-64.49999999999997
2020-04-17,bus,470300,-75.14285714285711
2020-04-17,citibike,18942,-57.61428571428592
2020-04-17,lirr,8300,-97.28571428571429
2020-04-17,metronorth,13500,-94.85714285714286
2020-04-17,subway,433106,-91.71428571428575
2020-04-18,bridgetunnel,254735,-64.41428571428568
2020-04-18,bus,352000,-74.85714285714283
2020-04-18,citibike,15939,-59.471428571428774
2020-04-18,lirr,2400,-97.28571428571429
2020-04-18,metronorth,7200,-94.85714285714286
2020-04-18,subway,254792,-91.64285714285718
2020-04-19,bridgetunnel,276406,-63.38571428571425
2020-04-19,bus,318100,-73.85714285714283
2020-04-19,citibike,47172,-59.157142857143064
2020-04-19,lirr,2200,-97.28571428571429
2020-04-19,metronorth,6000,-94.85714285714286
2020-04-19,subway,224751,-91.42857142857147
2020-04-20,bridgetunnel,371776,-62.45714285714282
2020-04-20,bus,498700,-73.14285714285711
2020-04-20,citibike,21929,-59.25714285714306
2020-04-20,lirr,8900,-97.28571428571429
2020-04-20,metronorth,14800,-94.85714285714286
2020-04-20,subway,438622,-91.2571428571429
2020-04-21,bridgetunnel,356099,-61.928571428571395
2020-04-21,bus,450900,-73.14285714285711
2020-04-21,citibike,17080,-61.11428571428592
2020-04-21,lirr,8300,-97.28571428571429
2020-04-21,metronorth,13700,-94.85714285714286
2020-04-21,subway,422860,-91.30000000000004
2020-04-22,bridgetunnel,398703,-60.81428571428568
2020-04-22,bus,518900,-72.71428571428568
2020-04-22,citibike,23826,-50.45714285714306
2020-04-22,lirr,8700,-97.14285714285714
2020-04-22,metronorth,14100,-94.71428571428571
2020-04-22,subway,459574,-91.28571428571432
2020-04-23,bridgetunnel,386938,-61.357142857142826
2020-04-23,bus,487300,-72.99999999999997
2020-04-23,citibike,19175,-60.385714285714485
2020-04-23,lirr,8400,-97.14285714285714
2020-04-23,metronorth,13800,-94.85714285714286
2020-04-23,subway,454300,-91.35714285714289
2020-04-24,bridgetunnel,386935,-61.07142857142854
2020-04-24,bus,475400,-73.57142857142854
2020-04-24,citibike,12630,-61.45714285714306
2020-04-24,lirr,7800,-97.14285714285714
2020-04-24,metronorth,13200,-94.85714285714286
2020-04-24,subway,444644,-91.44285714285718
2020-04-25,bridgetunnel,350300,-59.81428571428568
2020-04-25,bus,430800,-73.28571428571425
2020-04-25,citibike,59110,-56.385714285714485
2020-04-25,lirr,2900,-97.14285714285714
2020-04-25,metronorth,9100,-94.85714285714286
2020-04-25,subway,295836,-91.34285714285718
2020-04-26,bridgetunnel,231541,-59.69999999999997
2020-04-26,bus,293500,-73.85714285714283
2020-04-26,citibike,9608,-56.814285714285916
2020-04-26,lirr,1900,-97.14285714285714
2020-04-26,metronorth,5400,-94.85714285714286
2020-04-26,subway,219096,-91.38571428571433
2020-04-27,bridgetunnel,384124,-59.68571428571425
2020-04-27,bus,518400,-74.42857142857139
2020-04-27,citibike,17815,-57.87142857142877
2020-04-27,lirr,8800,-97.14285714285714
2020-04-27,metronorth,15000,-94.85714285714286
2020-04-27,subway,463700,-91.44285714285718
2020-04-28,bridgetunnel,436347,-59.51428571428568
2020-04-28,bus,555600,-74.71428571428568
2020-04-28,citibike,39701,-56.628571428571625
2020-04-28,lirr,9200,-97.28571428571429
2020-04-28,metronorth,15400,-95
2020-04-28,subway,490073,-91.4714285714286
2020-04-29,bridgetunnel,410502,-58.79999999999996
2020-04-29,bus,519600,-74.42857142857139
2020-04-29,citibike,21676,-55.057142857143056
2020-04-29,lirr,9100,-97.28571428571429
2020-04-29,metronorth,14800,-94.85714285714286
2020-04-29,subway,478589,-91.32857142857146
2020-04-30,bridgetunnel,405169,-56.414285714285676
2020-04-30,bus,488800,-72.28571428571425
2020-04-30,citibike,14507,-32.71428571428592
2020-04-30,lirr,9300,-97.14285714285714
2020-04-30,metronorth,14400,-94.57142857142857
2020-04-30,subway,466633,-91.04285714285719
2020-05-01,bridgetunnel,445621,-55.585714285714246
2020-05-01,bus,555300,-71.99999999999997
2020-05-01,citibike,25001,-29.44285714285735
2020-05-01,lirr,6200,-97.14285714285714
2020-05-01,metronorth,12400,-94.42857142857143
2020-05-01,subway,495312,-90.92857142857147
2020-05-02,bridgetunnel,401938,-55.24285714285711
2020-05-02,bus,478600,-71.85714285714283
2020-05-02,citibike,73108,-30.44285714285735
2020-05-02,lirr,4000,-97
2020-05-02,metronorth,10900,-94.42857142857143
2020-05-02,subway,326354,-90.85714285714289
2020-05-03,bridgetunnel,353314,-54.79999999999996
2020-05-03,bus,375900,-71.85714285714283
2020-05-03,citibike,63931,-31.28571428571449
2020-05-03,lirr,3300,-96.71428571428571
2020-05-03,metronorth,7600,-94.42857142857143
2020-05-03,subway,259199,-90.78571428571432
2020-05-04,bridgetunnel,447424,-53.61428571428568
2020-05-04,bus,578300,-71.14285714285711
2020-05-04,citibike,32412,-24.885714285714485
2020-05-04,lirr,11200,-96.42857142857143
2020-05-04,metronorth,15800,-94.28571428571429
2020-05-04,subway,512763,-90.61428571428576
2020-05-05,bridgetunnel,462086,-53.1428571428571
2020-05-05,bus,583400,-71.14285714285711
2020-05-05,citibike,35148,-26.400000000000205
2020-05-05,lirr,13300,-96
2020-05-05,metronorth,15500,-94.14285714285714
2020-05-05,subway,522979,-90.51428571428575
2020-05-06,bridgetunnel,444179,-53.94285714285711
2020-05-06,bus,538800,-71.42857142857139
2020-05-06,citibike,17347,-36.414285714285924
2020-05-06,lirr,14500,-95.57142857142857
2020-05-06,metronorth,14700,-94.14285714285714
2020-05-06,subway,509646,-90.54285714285719
2020-05-07,bridgetunnel,488836,-53.29999999999996
2020-05-07,bus,605600,-71.28571428571425
2020-05-07,citibike,43796,-40.00000000000021
2020-05-07,lirr,16100,-94.85714285714286
2020-05-07,metronorth,16200,-93.85714285714286
2020-05-07,subway,536003,-90.2571428571429
2020-05-08,bridgetunnel,483831,-52.95714285714282
2020-05-08,bus,573700,-71.14285714285711
2020-05-08,citibike,17373,-42.35714285714307
2020-05-08,lirr,15700,-94.42857142857143
2020-05-08,metronorth,15200,-93.85714285714286
2020-05-08,subway,526865,-90.18571428571433
2020-05-09,bridgetunnel,371426,-52.57142857142854
2020-05-09,bus,462400,-70.99999999999997
2020-05-09,citibike,27833,-42.14285714285735
2020-05-09,lirr,7700,-94.14285714285714
2020-05-09,metronorth,11100,-93.71428571428571
2020-05-09,subway,317372,-90.10000000000004
2020-05-10,bridgetunnel,415868,-51.7285714285714
2020-05-10,bus,386000,-70.42857142857139
2020-05-10,citibike,54712,-37.35714285714307
2020-05-10,lirr,8000,-94
2020-05-10,metronorth,9200,-93.57142857142857
2020-05-10,subway,272353,-89.9714285714286
2020-05-11,bridgetunnel,458042,-51.514285714285684
2020-05-11,bus,553300,-70.42857142857139
2020-05-11,citibike,22782,-37.80000000000022
2020-05-11,lirr,18300,-93.85714285714286
2020-05-11,metronorth,16700,-93.57142857142857
2020-05-11,subway,521702,-89.90000000000003
2020-05-12,bridgetunnel,488406,-50.65714285714283
2020-05-12,bus,594900,-69.71428571428568
2020-05-12,citibike,36128,-30.72857142857164
2020-05-12,lirr,19000,-93.71428571428571
2020-05-12,metronorth,16700,-92
2020-05-12,subway,554286,-89.7571428571429
2020-05-13,bridgetunnel,509243,-49.15714285714283
2020-05-13,bus,611300,-68.99999999999997
2020-05-13,citibike,40715,-19.071428571428783
2020-05-13,lirr,19400,-93.28571428571429
2020-05-13,metronorth,17200,-91.28571428571429
2020-05-13,subway,566333,-89.6571428571429
2020-05-14,bridgetunnel,520395,-50.2285714285714
2020-05-14,bus,616000,-70.28571428571425
2020-05-14,citibike,41743,-15.585714285714502
2020-05-14,lirr,19300,-93.14285714285714
2020-05-14,metronorth,16400,-92.14285714285714
2020-05-14,subway,568315,-89.9571428571429
2020-05-15,bridgetunnel,562991,-49.98571428571426
2020-05-15,bus,671500,-69.99999999999997
2020-05-15,citibike,53114,-11.571428571428783
2020-05-15,lirr,20100,-93
2020-05-15,metronorth,45300,-92
2020-05-15,subway,588784,-89.80000000000004
2020-05-16,bridgetunnel,477098,-49.699999999999974
2020-05-16,bus,530600,-69.71428571428568
2020-05-16,citibike,80576,-10.471428571428774
2020-05-16,lirr,11100,-92.85714285714286
2020-05-16,metronorth,18400,-91.85714285714286
2020-05-16,subway,361329,-89.68571428571433
2020-05-17,bridgetunnel,391606,-49.3285714285714
2020-05-17,bus,413500,-69.42857142857139
2020-05-17,citibike,63677,-9.457142857143054
2020-05-17,lirr,8800,-92.71428571428571
2020-05-17,metronorth,3300,-91.85714285714286
2020-05-17,subway,287755,-89.54285714285719
2020-05-18,bridgetunnel,505315,-48.357142857142826
2020-05-18,bus,624200,-68.85714285714283
2020-05-18,citibike,39215,-7.9285714285716296
2020-05-18,lirr,22100,-92.57142857142857
2020-05-18,metronorth,19200,-91.71428571428571
2020-05-18,subway,596505,-89.32857142857146
2020-05-19,bridgetunnel,524483,-47.47142857142854
2020-05-19,bus,643600,-68.71428571428568
2020-05-19,citibike,41008,-9.028571428571624
2020-05-19,lirr,21600,-92.42857142857143
2020-05-19,metronorth,18700,-93
2020-05-19,subway,611951,-89.12857142857146
2020-05-20,bridgetunnel,542409,-48.08571428571425
2020-05-20,bus,654800,-68.99999999999997
2020-05-20,citibike,45672,-21.742857142857346
2020-05-20,lirr,22200,-92.42857142857143
2020-05-20,metronorth,18500,-93.42857142857143
2020-05-20,subway,624793,-89.04285714285719
2020-05-21,bridgetunnel,585553,-46.47142857142854
2020-05-21,bus,655300,-68.14285714285711
2020-05-21,citibike,48655,-18.07142857142877
2020-05-21,lirr,22600,-92
2020-05-21,metronorth,19200,-91.85714285714286
2020-05-21,subway,630367,-88.81428571428576
2020-05-22,bridgetunnel,626984,-45.871428571428545
2020-05-22,bus,690200,-65.57142857142854
2020-05-22,citibike,47553,-11.000000000000199
2020-05-22,lirr,22800,-92.14285714285714
2020-05-22,metronorth,19900,-91.85714285714286
2020-05-22,subway,634929,-88.18571428571433
2020-05-23,bridgetunnel,394091,-44.54285714285711
2020-05-23,bus,460700,-64.85714285714283
2020-05-23,citibike,23071,-8.271428571428757
2020-05-23,lirr,11000,-92
2020-05-23,metronorth,14000,-91.71428571428571
2020-05-23,subway,336250,-87.94285714285718
2020-05-24,bridgetunnel,461171,-43.29999999999997
2020-05-24,bus,461200,-64.14285714285711
2020-05-24,citibike,73081,-6.328571428571621
2020-05-24,lirr,11900,-91.85714285714286
2020-05-24,metronorth,14100,-91.57142857142857
2020-05-24,subway,320376,-87.7571428571429
2020-05-25,bridgetunnel,445015,-42.999999999999964
2020-05-25,bus,531600,-63.857142857142826
2020-05-25,citibike,68074,-6.857142857143046
2020-05-25,lirr,19300,-91.71428571428571
2020-05-25,metronorth,19000,-91.57142857142857
2020-05-25,subway,394359,-87.70000000000005
2020-05-26,bridgetunnel,587270,-43.371428571428545
2020-05-26,bus,709000,-63.57142857142854
2020-05-26,citibike,53154,-5.685714285714468
2020-05-26,lirr,26700,-91.57142857142857
2020-05-26,metronorth,21800,-91.57142857142857
2020-05-26,subway,657939,-87.74285714285718
2020-05-27,bridgetunnel,601140,-41.65714285714283
2020-05-27,bus,719200,-62.285714285714256
2020-05-27,citibike,55186,8.51428571428552
2020-05-27,lirr,26500,-91
2020-05-27,metronorth,21000,-91
2020-05-27,subway,675705,-87.41428571428575
2020-05-28,bridgetunnel,584629,-41.271428571428544
2020-05-28,bus,710800,-62.285714285714256
2020-05-28,citibike,46253,11.328571428571237
2020-05-28,lirr,25200,-90.71428571428571
2020-05-28,metronorth,20400,-91
2020-05-28,subway,659248,-87.27142857142861
2020-05-29,bridgetunnel,598608,-40.457142857142834
2020-05-29,bus,720800,-63.999999999999964
2020-05-29,citibike,53475,5.999999999999815
2020-05-29,lirr,25100,-90.14285714285714
2020-05-29,metronorth,21200,-90.85714285714286
2020-05-29,subway,658353,-87.6571428571429
2020-05-30,bridgetunnel,537180,-40.81428571428569
2020-05-30,bus,622000,-63.857142857142826
2020-05-30,citibike,87261,4.157142857142688
2020-05-30,lirr,15600,-89.85714285714286
2020-05-30,metronorth,20300,-90.85714285714286
2020-05-30,subway,426755,-87.58571428571433
2020-05-31,bridgetunnel,495488,-41.25714285714283
2020-05-31,bus,468300,-63.999999999999964
2020-05-31,citibike,80301,-1.8428571428573122
2020-05-31,lirr,13600,-89.57142857142857
2020-05-31,metronorth,14700,-90.71428571428571
2020-05-31,subway,344428,-87.58571428571433
2020-06-01,bridgetunnel,595060,-40.557142857142836
2020-06-01,bus,764300,-63.285714285714256
2020-06-01,citibike,53044,-3.757142857143023
2020-06-01,lirr,34300,-89.42857142857143
2020-06-01,metronorth,24500,-90.42857142857143
2020-06-01,subway,688520,-87.41428571428575
2020-06-02,bridgetunnel,579412,-39.78571428571427
2020-06-02,bus,724400,-62.999999999999964
2020-06-02,citibike,46585,-8.200000000000173
2020-06-02,lirr,33800,-89.14285714285714
2020-06-02,metronorth,24600,-90.14285714285714
2020-06-02,subway,695276,-87.27142857142861
2020-06-03,bridgetunnel,582624,-39.585714285714275
2020-06-03,bus,741200,-62.71428571428568
2020-06-03,citibike,28859,-16.542857142857315
2020-06-03,lirr,32500,-88.85714285714286
2020-06-03,metronorth,23500,-89.85714285714286
2020-06-03,subway,683037,-87.1714285714286
2020-06-04,bridgetunnel,650868,-38.85714285714284
2020-06-04,bus,797700,-61.857142857142826
2020-06-04,citibike,39746,-30.67142857142875
2020-06-04,lirr,29800,-88.42857142857143
2020-06-04,metronorth,25500,-89.42857142857143
2020-06-04,subway,728018,-87.02857142857147
2020-06-05,bridgetunnel,643562,-37.242857142857126
2020-06-05,bus,772900,-60.71428571428568
2020-06-05,citibike,33127,-28.971428571428746
2020-06-05,lirr,33500,-88
2020-06-05,metronorth,25200,-89.14285714285714
2020-06-05,subway,704825,-86.61428571428576
2020-06-06,bridgetunnel,551793,-35.8142857142857
2020-06-06,bus,648000,-59.71428571428568
2020-06-06,citibike,56418,-25.642857142857324
2020-06-06,lirr,18100,-87.57142857142857
2020-06-06,metronorth,23600,-88.85714285714286
2020-06-06,subway,464207,-86.31428571428576
2020-06-07,bridgetunnel,538419,-34.51428571428569
2020-06-07,bus,531900,-58.71428571428568
2020-06-07,citibike,80612,-19.285714285714462
2020-06-07,lirr,16800,-87.14285714285714
2020-06-07,metronorth,18500,-88.57142857142857
2020-06-07,subway,378085,-85.92857142857147
2020-06-08,bridgetunnel,644830,-34.114285714285685
2020-06-08,bus,863400,-58.57142857142854
2020-06-08,citibike,60975,-18.37142857142875
2020-06-08,lirr,42600,-86.71428571428571
2020-06-08,metronorth,30500,-88.42857142857143
2020-06-08,subway,806138,-85.68571428571433
2020-06-09,bridgetunnel,680462,-32.5285714285714
2020-06-09,bus,916900,-57.428571428571395
2020-06-09,citibike,61922,-11.01428571428589
2020-06-09,lirr,42300,-86.14285714285714
2020-06-09,metronorth,29500,-88.14285714285714
2020-06-09,subway,843968,-85.21428571428575
2020-06-10,bridgetunnel,680270,-31.74285714285712
2020-06-10,bus,914700,-56.857142857142826
2020-06-10,citibike,63420,-4.500000000000185
2020-06-10,lirr,43100,-85.28571428571429
2020-06-10,metronorth,30800,-87.42857142857143
2020-06-10,subway,858782,-84.81428571428576
2020-06-11,bridgetunnel,656696,-31.7285714285714
2020-06-11,bus,830100,-55.999999999999964
2020-06-11,citibike,44057,-4.614285714285884
2020-06-11,lirr,41000,-84.71428571428571
2020-06-11,metronorth,29100,-86.85714285714286
2020-06-11,subway,819873,-84.2571428571429
2020-06-12,bridgetunnel,765492,-32.08571428571426
2020-06-12,bus,966300,-55.857142857142826
2020-06-12,citibike,72780,-5.314285714285887
2020-06-12,lirr,45100,-84.57142857142857
2020-06-12,metronorth,33700,-86.57142857142857
2020-06-12,subway,898314,-84.08571428571432
2020-06-13,bridgetunnel,631065,-31.542857142857116
2020-06-13,bus,706800,-55.14285714285711
2020-06-13,citibike,89983,-4.542857142857315
2020-06-13,lirr,25400,-84.42857142857143
2020-06-13,metronorth,32400,-86.28571428571429
2020-06-13,subway,545333,-83.80000000000004
2020-06-14,bridgetunnel,563725,-30.99999999999997
2020-06-14,bus,571200,-54.285714285714256
2020-06-14,citibike,80054,-4.400000000000176
2020-06-14,lirr,20900,-84.28571428571429
2020-06-14,metronorth,22700,-86
2020-06-14,subway,430446,-83.51428571428575
2020-06-15,bridgetunnel,674785,-30.228571428571385
2020-06-15,bus,940900,-52.857142857142826
2020-06-15,citibike,57743,-0.5714285714287541
2020-06-15,lirr,47500,-84
2020-06-15,metronorth,34500,-85.71428571428571
2020-06-15,subway,898925,-83.20000000000005
2020-06-16,bridgetunnel,695359,-29.62857142857139
2020-06-16,bus,961000,-51.14285714285711
2020-06-16,citibike,65506,0.6714285714283932
2020-06-16,lirr,46900,-83.85714285714286
2020-06-16,metronorth,34100,-85.42857142857143
2020-06-16,subway,934545,-82.90000000000003
2020-06-17,bridgetunnel,709680,-29.07142857142854
2020-06-17,bus,977200,-50.428571428571395
2020-06-17,citibike,64185,-1.0571428571430346
2020-06-17,lirr,47200,-83.42857142857143
2020-06-17,metronorth,36300,-85
2020-06-17,subway,950318,-82.84285714285718
2020-06-18,bridgetunnel,729487,-28.057142857142836
2020-06-18,bus,977700,-50.71428571428568
2020-06-18,citibike,62311,-2.7000000000001734
2020-06-18,lirr,47900,-82.42857142857143
2020-06-18,metronorth,35800,-84.42857142857143
2020-06-18,subway,944318,-83.04285714285717
2020-06-19,bridgetunnel,797519,-27.51428571428569
2020-06-19,bus,1035300,-49.999999999999964
2020-06-19,citibike,79476,-2.2285714285716125
2020-06-19,lirr,50200,-82.14285714285714
2020-06-19,metronorth,38800,-84.28571428571429
2020-06-19,subway,988680,-82.7571428571429
2020-06-20,bridgetunnel,666226,-27.057142857142836
2020-06-20,bus,768500,-49.14285714285711
2020-06-20,citibike,81041,-1.7857142857144623
2020-06-20,lirr,29000,-81.85714285714286
2020-06-20,metronorth,36000,-84.14285714285714
2020-06-20,subway,576097,-82.42857142857147
2020-06-21,bridgetunnel,654914,-26.928571428571402
2020-06-21,bus,592400,-48.57142857142854
2020-06-21,citibike,72375,-1.2714285714287428
2020-06-21,lirr,27100,-81.57142857142857
2020-06-21,metronorth,27600,-84
2020-06-21,subway,449497,-82.1571428571429
2020-06-22,bridgetunnel,733291,-26.67142857142855
2020-06-22,bus,1016200,-47.999999999999964
2020-06-22,citibike,59951,0.28571428571410706
2020-06-22,lirr,53900,-81.28571428571428
2020-06-22,metronorth,38400,-83.85714285714286
2020-06-22,subway,1002073,-81.80000000000004
2020-06-23,bridgetunnel,744822,-26.414285714285697
2020-06-23,bus,1086200,-47.71428571428568
2020-06-23,citibike,67566,-0.7571428571430232
2020-06-23,lirr,52900,-81
2020-06-23,metronorth,37600,-83.71428571428572
2020-06-23,subway,1053005,-81.45714285714288
2020-06-24,bridgetunnel,752750,-26.585714285714275
2020-06-24,bus,1099900,-47.428571428571395
2020-06-24,citibike,66953,-4.971428571428746
2020-06-24,lirr,52400,-81.28571428571428
2020-06-24,metronorth,38000,-83.85714285714286
2020-06-24,subway,1070527,-81.18571428571431
2020-06-25,bridgetunnel,781618,-26.699999999999974
2020-06-25,bus,1088500,-46.71428571428568
2020-06-25,citibike,69692,-5.614285714285884
2020-06-25,lirr,53400,-81.57142857142857
2020-06-25,metronorth,38200,-84
2020-06-25,subway,1081006,-81.10000000000004
2020-06-26,bridgetunnel,830887,-25.942857142857136
2020-06-26,bus,1130100,-45.999999999999964
2020-06-26,citibike,73825,-5.228571428571598
2020-06-26,lirr,55600,-81.14285714285714
2020-06-26,metronorth,41500,-83.85714285714286
2020-06-26,subway,1104497,-80.71428571428575
2020-06-27,bridgetunnel,630731,-25.628571428571405
2020-06-27,bus,753900,-45.999999999999964
2020-06-27,citibike,59351,-5.842857142857298
2020-06-27,lirr,26800,-81
2020-06-27,metronorth,34800,-83.71428571428572
2020-06-27,subway,616084,-80.44285714285718
2020-06-28,bridgetunnel,623131,-25.18571428571427
2020-06-28,bus,641800,-45.428571428571395
2020-06-28,citibike,69309,-6.242857142857289
2020-06-28,lirr,25700,-80.71428571428572
2020-06-28,metronorth,26200,-83.57142857142857
2020-06-28,subway,536488,-80.01428571428575
2020-06-29,bridgetunnel,767165,-19.499999999999986
2020-06-29,bus,1087500,-44.71428571428568
2020-06-29,citibike,61721,-4.371428571428723
2020-06-29,lirr,63300,-80.14285714285714
2020-06-29,metronorth,42600,-83.14285714285714
2020-06-29,subway,1103086,-79.54285714285717
2020-06-30,bridgetunnel,758785,-18.942857142857136
2020-06-30,bus,1082000,-40.428571428571395
2020-06-30,citibike,64754,-6.6571428571430005
2020-06-30,lirr,58000,-80
2020-06-30,metronorth,40900,-83
2020-06-30,subway,1115510,-77.9571428571429
2020-07-01,bridgetunnel,779409,-18.014285714285705
2020-07-01,bus,1102200,-40.14285714285711
2020-07-01,citibike,63560,-1.9571428571430118
2020-07-01,lirr,56500,-78.85714285714286
2020-07-01,metronorth,40000,-82.28571428571428
2020-07-01,subway,1122842,-77.4571428571429
2020-07-02,bridgetunnel,881471,-16.814285714285703
2020-07-02,bus,1178500,-39.857142857142826
2020-07-02,citibike,73624,-1.6000000000001506
2020-07-02,lirr,64300,-77.85714285714286
2020-07-02,metronorth,45500,-81.57142857142857
2020-07-02,subway,1172848,-76.68571428571433
2020-07-03,bridgetunnel,713240,-16.657142857142844
2020-07-03,bus,968200,-40.285714285714256
2020-07-03,citibike,59501,-5.61428571428587
2020-07-03,lirr,56200,-77.71428571428572
2020-07-03,metronorth,42900,-81.28571428571428
2020-07-03,subway,853015,-76.68571428571433
2020-07-04,bridgetunnel,569212,-16.814285714285703
2020-07-04,bus,754900,-40.285714285714256
2020-07-04,citibike,71191,-7.3000000000001535
2020-07-04,lirr,38400,-77.28571428571428
2020-07-04,metronorth,41800,-81
2020-07-04,subway,592295,-76.64285714285718
2020-07-05,bridgetunnel,659099,-16.54285714285713
2020-07-05,bus,658700,-40.57142857142854
2020-07-05,citibike,64781,-7.3000000000001535
2020-07-05,lirr,34600,-77
2020-07-05,metronorth,30600,-80.85714285714286
2020-07-05,subway,534220,-76.70000000000005
2020-07-06,bridgetunnel,750584,-20.871428571428552
2020-07-06,bus,1030200,-40.57142857142854
2020-07-06,citibike,46131,-6.6285714285715756
2020-07-06,lirr,63900,-76.85714285714286
2020-07-06,metronorth,44300,-80.85714285714286
2020-07-06,subway,1087178,-76.74285714285719
2020-07-07,bridgetunnel,749833,-22.785714285714263
2020-07-07,bus,1118800,-46.57142857142854
2020-07-07,citibike,67964,-13.657142857143
2020-07-07,lirr,61800,-76.85714285714286
2020-07-07,metronorth,44100,-81
2020-07-07,subway,1159588,-78.48571428571432
2020-07-08,bridgetunnel,758208,-24.042857142857116
2020-07-08,bus,1114900,-46.57142857142854
2020-07-08,citibike,63501,-14.657142857143
2020-07-08,lirr,63000,-77.71428571428572
2020-07-08,metronorth,43400,-81.57142857142857
2020-07-08,subway,1174733,-78.47142857142862
2020-07-09,bridgetunnel,818034,-24.199999999999974
2020-07-09,bus,1195700,-45.999999999999964
2020-07-09,citibike,76577,-10.057142857143006
2020-07-09,lirr,65500,-77.71428571428572
2020-07-09,metronorth,45500,-81.42857142857143
2020-07-09,subway,1213851,-78.08571428571432
2020-07-10,bridgetunnel,712635,-24.428571428571416
2020-07-10,bus,926800,-45.285714285714256
2020-07-10,citibike,22830,-5.442857142857292
2020-07-10,lirr,55900,-77.57142857142857
2020-07-10,metronorth,39700,-81.42857142857143
2020-07-10,subway,1032749,-77.94285714285718
2020-07-11,bridgetunnel,625288,-23.842857142857127
2020-07-11,bus,852600,-44.71428571428568
2020-07-11,citibike,66762,-3.7714285714287143
2020-07-11,lirr,30100,-77.42857142857143
2020-07-11,metronorth,35300,-81.42857142857143
2020-07-11,subway,693789,-77.77142857142861
2020-07-12,bridgetunnel,703590,-23.028571428571396
2020-07-12,bus,727700,-43.71428571428568
2020-07-12,citibike,84555,-0.9571428571430118
2020-07-12,lirr,34900,-77.28571428571428
2020-07-12,metronorth,31800,-81.14285714285714
2020-07-12,subway,628918,-77.52857142857147
2020-07-13,bridgetunnel,756123,-23.09999999999998
2020-07-13,bus,1144100,-43.428571428571395
2020-07-13,citibike,69248,-0.3285714285715784
2020-07-13,lirr,66400,-77.28571428571428
2020-07-13,metronorth,46200,-81
2020-07-13,subway,1178204,-77.38571428571433
2020-07-14,bridgetunnel,794838,-21.71428571428568
2020-07-14,bus,1211300,-41.71428571428568
2020-07-14,citibike,77235,8.728571428571271
2020-07-14,lirr,66300,-77
2020-07-14,metronorth,46200,-80.57142857142857
2020-07-14,subway,1243749,-76.80000000000004
2020-07-15,bridgetunnel,803399,-19.15714285714283
2020-07-15,bus,1229000,-39.857142857142826
2020-07-15,citibike,78521,11.89999999999985
2020-07-15,lirr,66500,-75.85714285714286
2020-07-15,metronorth,46900,-79.71428571428572
2020-07-15,subway,1251164,-75.8571428571429
2020-07-16,bridgetunnel,819850,-18.35714285714282
2020-07-16,bus,1211800,-39.428571428571395
2020-07-16,citibike,79439,7.81428571428556
2020-07-16,lirr,66700,-75.57142857142857
2020-07-16,metronorth,47400,-80
2020-07-16,subway,1251884,-75.70000000000005
2020-07-17,bridgetunnel,819471,-17.67142857142855
2020-07-17,bus,1176200,-39.14285714285711
2020-07-17,citibike,70008,5.657142857142702
2020-07-17,lirr,64800,-75.57142857142857
2020-07-17,metronorth,47400,-79.85714285714286
2020-07-17,subway,1209692,-75.60000000000005
2020-07-18,bridgetunnel,747445,-17.15714285714283
2020-07-18,bus,913700,-38.71428571428568
2020-07-18,citibike,80686,4.499999999999844
2020-07-18,lirr,41200,-75.57142857142857
2020-07-18,metronorth,45500,-79.71428571428572
2020-07-18,subway,779722,-75.42857142857147
2020-07-19,bridgetunnel,696110,-17.828571428571408
2020-07-19,bus,692800,-39.285714285714256
2020-07-19,citibike,66999,-0.4428571428573065
2020-07-19,lirr,36400,-75.57142857142857
2020-07-19,metronorth,29900,-79.71428571428572
2020-07-19,subway,585498,-75.52857142857147
2020-07-20,bridgetunnel,770607,-18.642857142857125
2020-07-20,bus,1130400,-39.857142857142826
2020-07-20,citibike,58421,-3.485714285714451
2020-07-20,lirr,67700,-75.57142857142857
2020-07-20,metronorth,46800,-79.71428571428572
2020-07-20,subway,1159163,-75.6571428571429
2020-07-21,bridgetunnel,792955,-18.657142857142844
2020-07-21,bus,1204300,-39.999999999999964
2020-07-21,citibike,70793,-4.07142857142874
2020-07-21,lirr,67600,-75.42857142857143
2020-07-21,metronorth,48000,-79.71428571428572
2020-07-21,subway,1244544,-75.68571428571433
2020-07-22,bridgetunnel,784013,-19.028571428571425
2020-07-22,bus,1189100,-40.428571428571395
2020-07-22,citibike,52157,-2.428571428571587
2020-07-22,lirr,65300,-75.14285714285714
2020-07-22,metronorth,46700,-79.42857142857143
2020-07-22,subway,1236384,-76.07142857142861
2020-07-23,bridgetunnel,791577,-19.942857142857136
2020-07-23,bus,1180200,-40.857142857142826
2020-07-23,citibike,65818,-1.0428571428573008
2020-07-23,lirr,65600,-75.14285714285714
2020-07-23,metronorth,47000,-79.14285714285714
2020-07-23,subway,1236427,-76.35714285714289
2020-07-24,bridgetunnel,826030,-19.98571428571428
2020-07-24,bus,1134300,-40.857142857142826
2020-07-24,citibike,66982,-0.21428571428587873
2020-07-24,lirr,65900,-75
2020-07-24,metronorth,49000,-79.28571428571428
2020-07-24,subway,1220649,-76.28571428571433
2020-07-25,bridgetunnel,769898,-20.58571428571429
2020-07-25,bus,967300,-41.14285714285711
2020-07-25,citibike,87896,-0.27142857142872856
2020-07-25,lirr,43300,-75
2020-07-25,metronorth,47600,-79.42857142857143
2020-07-25,subway,817403,-76.37142857142861
2020-07-26,bridgetunnel,697533,-19.671428571428578
2020-07-26,bus,721100,-39.999999999999964
2020-07-26,citibike,72994,4.42857142857126
2020-07-26,lirr,36200,-74.85714285714286
2020-07-26,metronorth,32300,-79.42857142857143
2020-07-26,subway,607452,-76.07142857142861
2020-07-27,bridgetunnel,793225,-19.228571428571428
2020-07-27,bus,1185000,-39.71428571428568
2020-07-27,citibike,62618,5.857142857142691
2020-07-27,lirr,70100,-74.71428571428572
2020-07-27,metronorth,45700,-79.42857142857143
2020-07-27,subway,1206129,-75.91428571428575
2020-07-28,bridgetunnel,782226,-18.55714285714285
2020-07-28,bus,1210600,-39.14285714285711
2020-07-28,citibike,70523,6.457142857142699
2020-07-28,lirr,66700,-74.71428571428572
2020-07-28,metronorth,45800,-79.28571428571428
2020-07-28,subway,1244405,-75.7571428571429
2020-07-29,bridgetunnel,816959,-17.55714285714285
2020-07-29,bus,1273100,-39.14285714285711
2020-07-29,citibike,77199,3.342857142856971
2020-07-29,lirr,70000,-74.85714285714286
2020-07-29,metronorth,48500,-79.14285714285714
2020-07-29,subway,1298880,-75.58571428571433
2020-07-30,bridgetunnel,820275,-18.01428571428572
2020-07-30,bus,1224100,-39.428571428571395
2020-07-30,citibike,72237,1.2999999999998408
2020-07-30,lirr,69000,-75.71428571428572
2020-07-30,metronorth,48600,-79.57142857142857
2020-07-30,subway,1272918,-75.70000000000005
2020-07-31,bridgetunnel,859774,-17.60000000000001
2020-07-31,bus,1220700,-38.71428571428568
2020-07-31,citibike,70134,0.9714285714284188
2020-07-31,lirr,67600,-75.57142857142857
2020-07-31,metronorth,50900,-79.42857142857143
2020-07-31,subway,1260968,-75.50000000000004
2020-08-01,bridgetunnel,799745,-20.557142857142864
2020-08-01,bus,969300,-40.285714285714256
2020-08-01,citibike,89230,-3.9142857142858674
2020-08-01,lirr,44400,-76.85714285714286
2020-08-01,metronorth,48700,-80.14285714285714
2020-08-01,subway,843372,-76.04285714285719
2020-08-02,bridgetunnel,648735,-19.700000000000017
2020-08-02,bus,707000,-39.71428571428568
2020-08-02,citibike,70274,-0.7857142857144481
2020-08-02,lirr,30500,-77.28571428571428
2020-08-02,metronorth,28100,-80.57142857142857
2020-08-02,subway,590675,-75.82857142857148
2020-08-03,bridgetunnel,818732,-19.200000000000017
2020-08-03,bus,1268300,-39.428571428571395
2020-08-03,citibike,67343,-3.157142857143029
2020-08-03,lirr,70800,-77.42857142857143
2020-08-03,metronorth,45900,-81
2020-08-03,subway,1275951,-75.64285714285718
2020-08-04,bridgetunnel,577415,-19.45714285714287
2020-08-04,bus,968100,-39.14285714285711
2020-08-04,citibike,44673,-5.457142857143026
2020-08-04,lirr,36800,-77.42857142857143
2020-08-04,metronorth,31100,-81.28571428571428
2020-08-04,subway,1028686,-75.52857142857147
2020-08-05,bridgetunnel,847330,-20.95714285714287
2020-08-05,bus,1305000,-38.999999999999964
2020-08-05,citibike,81990,-5.228571428571598
2020-08-05,lirr,58000,-77.71428571428572
2020-08-05,metronorth,36900,-81.71428571428572
2020-08-05,subway,1351026,-75.58571428571433
2020-08-06,bridgetunnel,847497,-19.342857142857156
2020-08-06,bus,1241800,-37.857142857142826
2020-08-06,citibike,79250,-2.514285714285876
2020-08-06,lirr,66700,-76.71428571428572
2020-08-06,metronorth,38800,-81.14285714285714
2020-08-06,subway,1337819,-75.20000000000005
2020-08-07,bridgetunnel,844097,-19.300000000000026
2020-08-07,bus,1256300,-37.71428571428568
2020-08-07,citibike,60103,-2.157142857143029
2020-08-07,lirr,66000,-76.57142857142857
2020-08-07,metronorth,42400,-81.14285714285714
2020-08-07,subway,1286635,-75.11428571428576
2020-08-08,bridgetunnel,730739,-15.171428571428592
2020-08-08,bus,962000,-35.14285714285711
2020-08-08,citibike,90451,3.314285714285546
2020-08-08,lirr,41700,-75
2020-08-08,metronorth,43600,-80.28571428571428
2020-08-08,subway,834093,-74.18571428571434
2020-08-09,bridgetunnel,744618,-16.300000000000026
2020-08-09,bus,766700,-35.85714285714282
2020-08-09,citibike,83060,-0.057142857143034576
2020-08-09,lirr,37600,-74.57142857142857
2020-08-09,metronorth,32200,-79.85714285714286
2020-08-09,subway,663642,-74.31428571428576
2020-08-10,bridgetunnel,826001,-16.671428571428592
2020-08-10,bus,1243700,-35.99999999999997
2020-08-10,citibike,69287,-2.957142857143026
2020-08-10,lirr,73500,-74.42857142857143
2020-08-10,metronorth,46800,-79.42857142857143
2020-08-10,subway,1278263,-74.3571428571429
2020-08-11,bridgetunnel,821976,-15.800000000000026
2020-08-11,bus,1256400,-35.28571428571425
2020-08-11,citibike,75536,1.4714285714284046
2020-08-11,lirr,72400,-74.14285714285714
2020-08-11,metronorth,46700,-79
2020-08-11,subway,1322978,-74.04285714285719
2020-08-12,bridgetunnel,800865,-14.342857142857156
2020-08-12,bus,1227500,-34.99999999999997
2020-08-12,citibike,66304,1.9428571428569654
2020-08-12,lirr,68300,-73.57142857142857
2020-08-12,metronorth,46800,-78.28571428571428
2020-08-12,subway,1302087,-73.68571428571434
2020-08-13,bridgetunnel,819019,-16.24285714285716
2020-08-13,bus,1198800,-36.857142857142826
2020-08-13,citibike,62571,-7.471428571428746
2020-08-13,lirr,69200,-74.57142857142857
2020-08-13,metronorth,46500,-78.85714285714286
2020-08-13,subway,1294248,-74.02857142857147
2020-08-14,bridgetunnel,893657,-16.471428571428604
2020-08-14,bus,1321800,-36.428571428571395
2020-08-14,citibike,83932,-7.242857142857318
2020-08-14,lirr,72900,-74.57142857142857
2020-08-14,metronorth,50700,-78.71428571428572
2020-08-14,subway,1358798,-73.78571428571433
2020-08-15,bridgetunnel,804346,-16.85714285714289
2020-08-15,bus,1001000,-36.285714285714256
2020-08-15,citibike,92946,-6.100000000000165
2020-08-15,lirr,46800,-74.42857142857143
2020-08-15,metronorth,51400,-78.57142857142857
2020-08-15,subway,861763,-73.61428571428576
2020-08-16,bridgetunnel,620686,-16.68571428571431
2020-08-16,bus,622000,-36.285714285714256
2020-08-16,citibike,38785,-4.957142857143026
2020-08-16,lirr,29900,-74.42857142857143
2020-08-16,metronorth,28500,-78.57142857142857
2020-08-16,subway,554980,-73.51428571428576
2020-08-17,bridgetunnel,806108,-15.657142857142873
2020-08-17,bus,1275000,-34.85714285714282
2020-08-17,citibike,70519,-1.6714285714287342
2020-08-17,lirr,74500,-74.14285714285714
2020-08-17,metronorth,49400,-78.28571428571428
2020-08-17,subway,1307543,-73.02857142857148
2020-08-18,bridgetunnel,838008,-15.471428571428575
2020-08-18,bus,1307400,-34.4285714285714
2020-08-18,citibike,81987,-1.4857142857144652
2020-08-18,lirr,74200,-74
2020-08-18,metronorth,47900,-78.28571428571428
2020-08-18,subway,1372568,-72.82857142857148
2020-08-19,bridgetunnel,816805,-15.814285714285717
2020-08-19,bus,1212800,-34.28571428571425
2020-08-19,citibike,71570,-2.571428571428754
2020-08-19,lirr,70100,-73.71428571428572
2020-08-19,metronorth,47700,-78.28571428571428
2020-08-19,subway,1294931,-72.78571428571433
2020-08-20,bridgetunnel,889782,-14.200000000000017
2020-08-20,bus,1352700,-32.28571428571425
2020-08-20,citibike,81396,6.642857142856968
2020-08-20,lirr,75600,-72.71428571428572
2020-08-20,metronorth,50900,-77.28571428571428
2020-08-20,subway,1413449,-72.1571428571429
2020-08-21,bridgetunnel,909773,-13.857142857142875
2020-08-21,bus,1335800,-32.28571428571425
2020-08-21,citibike,84967,6.785714285714107
2020-08-21,lirr,76100,-72.71428571428572
2020-08-21,metronorth,53000,-77.28571428571428
2020-08-21,subway,1390232,-72.18571428571434
2020-08-22,bridgetunnel,812308,-13.957142857142884
2020-08-22,bus,998700,-32.71428571428568
2020-08-22,citibike,87269,5.057142857142679
2020-08-22,lirr,49100,-72.85714285714286
2020-08-22,metronorth,51600,-77.28571428571428
2020-08-22,subway,883393,-72.32857142857148
2020-08-23,bridgetunnel,737097,-13.214285714285737
2020-08-23,bus,783200,-31.85714285714282
2020-08-23,citibike,82114,8.642857142856968
2020-08-23,lirr,37900,-72.57142857142857
2020-08-23,metronorth,35300,-77
2020-08-23,subway,672193,-72.10000000000005
2020-08-24,bridgetunnel,815665,-14.114285714285728
2020-08-24,bus,1270700,-32.85714285714282
2020-08-24,citibike,71332,6.557142857142679
2020-08-24,lirr,75100,-72.71428571428572
2020-08-24,metronorth,50100,-77.14285714285714
2020-08-24,subway,1310101,-72.37142857142862
2020-08-25,bridgetunnel,821597,-14.52857142857144
2020-08-25,bus,1273400,-33.28571428571425
2020-08-25,citibike,72246,5.328571428571237
2020-08-25,lirr,73300,-72.71428571428572
2020-08-25,metronorth,49700,-77.14285714285714
2020-08-25,subway,1349335,-72.40000000000005
2020-08-26,bridgetunnel,859625,-16.51428571428572
2020-08-26,bus,1361400,-34.14285714285711
2020-08-26,citibike,88262,2.3285714285712373
2020-08-26,lirr,76600,-74
2020-08-26,metronorth,50800,-78.14285714285714
2020-08-26,subway,1410651,-72.94285714285719
2020-08-27,bridgetunnel,847285,-15.02857142857144
2020-08-27,bus,1274100,-33.4285714285714
2020-08-27,citibike,69488,4.571428571428399
2020-08-27,lirr,73100,-73
2020-08-27,metronorth,48800,-77.28571428571428
2020-08-27,subway,1361128,-72.77142857142863
2020-08-28,bridgetunnel,899892,-11.857142857142861
2020-08-28,bus,1333400,-36.285714285714256
2020-08-28,citibike,78311,5.314285714285546
2020-08-28,lirr,76100,-72.85714285714286
2020-08-28,metronorth,53100,-77.14285714285714
2020-08-28,subway,1391299,-72.84285714285718
2020-08-29,bridgetunnel,645956,-12.171428571428578
2020-08-29,bus,892800,-38.428571428571395
2020-08-29,citibike,71420,4.799999999999827
2020-08-29,lirr,37600,-72.85714285714286
2020-08-29,metronorth,41300,-77.14285714285714
2020-08-29,subway,774465,-72.58571428571433
2020-08-30,bridgetunnel,805096,-12.828571428571436
2020-08-30,bus,822300,-41.428571428571395
2020-08-30,citibike,92599,-3.01428571428589
2020-08-30,lirr,45100,-72.85714285714286
2020-08-30,metronorth,41600,-77.28571428571428
2020-08-30,subway,748886,-72.58571428571433
2020-08-31,bridgetunnel,817544,-11.700000000000017
2020-08-31,bus,987400,-43.71428571428568
2020-08-31,citibike,75440,-2.914285714285896
2020-08-31,lirr,78100,-72.57142857142857
2020-08-31,metronorth,52700,-77
2020-08-31,subway,1400448,-72.47142857142862
2020-09-01,bridgetunnel,809685,-10.357142857142875
2020-09-01,bus,996600,-46.428571428571395
2020-09-01,citibike,76839,-2.4714285714287456
2020-09-01,lirr,76500,-72.14285714285714
2020-09-01,metronorth,53100,-76.57142857142857
2020-09-01,subway,1472491,-72.52857142857147
2020-09-02,bridgetunnel,810144,-7.942857142857164
2020-09-02,bus,994000,-48.57142857142854
2020-09-02,citibike,70226,-0.6428571428573235
2020-09-02,lirr,77600,-70
2020-09-02,metronorth,53000,-74.42857142857143
2020-09-02,subway,1491161,-71.82857142857148
2020-09-03,bridgetunnel,869126,-8.800000000000026
2020-09-03,bus,1030700,-51.857142857142826
2020-09-03,citibike,71506,-4.128571428571604
2020-09-03,lirr,82600,-69.71428571428572
2020-09-03,metronorth,58000,-74
2020-09-03,subway,1532512,-71.45714285714291
2020-09-04,bridgetunnel,936602,-13.700000000000017
2020-09-04,bus,1034500,-48.57142857142854
2020-09-04,citibike,85629,-1.3714285714287513
2020-09-04,lirr,88300,-69.85714285714286
2020-09-04,metronorth,64200,-74.71428571428572
2020-09-04,subway,1571533,-69.6428571428572
2020-09-05,bridgetunnel,798823,-13.014285714285734
2020-09-05,bus,740100,-49.14285714285711
2020-09-05,citibike,89883,-0.9571428571430403
2020-09-05,lirr,50500,-69.14285714285714
2020-09-05,metronorth,64700,-74.14285714285714
2020-09-05,subway,1013746,-69.82857142857148
2020-09-06,bridgetunnel,753036,-12.7714285714286
2020-09-06,bus,580400,-49.428571428571395
2020-09-06,citibike,83217,1.342857142856957
2020-09-06,lirr,44700,-68.85714285714286
2020-09-06,metronorth,45400,-73.71428571428572
2020-09-06,subway,819600,-69.82857142857148
2020-09-07,bridgetunnel,697865,-13.971428571428604
2020-09-07,bus,650300,-49.999999999999964
2020-09-07,citibike,84077,-1.800000000000182
2020-09-07,lirr,80000,-68.85714285714286
2020-09-07,metronorth,40300,-73.71428571428572
2020-09-07,subway,872174,-69.91428571428577
2020-09-08,bridgetunnel,833996,-15.157142857142887
2020-09-08,bus,1032900,-50.285714285714256
2020-09-08,citibike,79437,-0.18571428571446802
2020-09-08,lirr,90600,-68.85714285714286
2020-09-08,metronorth,63300,-73.57142857142857
2020-09-08,subway,1559312,-69.78571428571433
2020-09-09,bridgetunnel,825412,-15.200000000000031
2020-09-09,bus,1081700,-49.857142857142826
2020-09-09,citibike,84694,1.842857142856957
2020-09-09,lirr,86100,-69.57142857142857
2020-09-09,metronorth,61500,-73.85714285714286
2020-09-09,subway,1613662,-69.34285714285718
2020-09-10,bridgetunnel,801431,-16.24285714285716
2020-09-10,bus,989000,-49.999999999999964
2020-09-10,citibike,53123,2.157142857142688
2020-09-10,lirr,82100,-70.71428571428572
2020-09-10,metronorth,57100,-74.85714285714286
2020-09-10,subway,1547065,-69.5571428571429
2020-09-11,bridgetunnel,895766,-14.800000000000026
2020-09-11,bus,1072600,-53.57142857142854
2020-09-11,citibike,94910,1.2714285714283875
2020-09-11,lirr,88600,-70.28571428571428
2020-09-11,metronorth,65100,-73.85714285714286
2020-09-11,subway,1693776,-71.10000000000005
2020-09-12,bridgetunnel,800190,-15.128571428571448
2020-09-12,bus,759700,-53.285714285714256
2020-09-12,citibike,101734,2.0428571428569597
2020-09-12,lirr,44500,-70.42857142857143
2020-09-12,metronorth,60500,-74
2020-09-12,subway,1083727,-70.84285714285718
2020-09-13,bridgetunnel,703809,-15.37142857142858
2020-09-13,bus,577400,-53.285714285714256
2020-09-13,citibike,84861,2.442857142856951
2020-09-13,lirr,36700,-70.28571428571428
2020-09-13,metronorth,38100,-74
2020-09-13,subway,796744,-70.68571428571434
2020-09-14,bridgetunnel,799573,-14.799999999999997
2020-09-14,bus,1044500,-52.857142857142826
2020-09-14,citibike,79532,8.371428571428382
2020-09-14,lirr,89500,-70
2020-09-14,metronorth,60900,-73.85714285714286
2020-09-14,subway,1607896,-70.38571428571433
2020-09-15,bridgetunnel,815700,-14.785714285714292
2020-09-15,bus,1087600,-52.857142857142826
2020-09-15,citibike,84300,7.385714285714101
2020-09-15,lirr,87000,-69.85714285714286
2020-09-15,metronorth,60800,-73.85714285714286
2020-09-15,subway,1681774,-70.37142857142862
2020-09-16,bridgetunnel,816708,-15.171428571428578
2020-09-16,bus,1075300,-53.14285714285711
2020-09-16,citibike,87195,5.414285714285526
2020-09-16,lirr,87000,-69.57142857142857
2020-09-16,metronorth,60700,-73.57142857142857
2020-09-16,subway,1690405,-70.42857142857147
2020-09-17,bridgetunnel,848024,-15.314285714285717
2020-09-17,bus,1060400,-53.14285714285711
2020-09-17,citibike,87793,4.057142857142679
2020-09-17,lirr,86900,-69.28571428571428
2020-09-17,metronorth,61500,-73
2020-09-17,subway,1695985,-70.3428571428572
2020-09-18,bridgetunnel,894931,-15.414285714285711
2020-09-18,bus,1074200,-53.14285714285711
2020-09-18,citibike,89240,2.6428571428569683
2020-09-18,lirr,90700,-69.28571428571428
2020-09-18,metronorth,65700,-73
2020-09-18,subway,1728810,-70.3428571428572
2020-09-19,bridgetunnel,802614,-15.414285714285711
2020-09-19,bus,761600,-53.14285714285711
2020-09-19,citibike,90211,2.4428571428569654
2020-09-19,lirr,46800,-69.28571428571428
2020-09-19,metronorth,64600,-73
2020-09-19,subway,1137948,-70.32857142857148
2020-09-20,bridgetunnel,705596,-15.185714285714283
2020-09-20,bus,585500,-52.999999999999964
2020-09-20,citibike,77909,3.014285714285535
2020-09-20,lirr,39000,-69.28571428571428
2020-09-20,metronorth,41800,-72.85714285714286
2020-09-20,subway,828365,-70.25714285714291
2020-09-21,bridgetunnel,788505,-14.957142857142841
2020-09-21,bus,1021200,-52.857142857142826
2020-09-21,citibike,72238,2.899999999999835
2020-09-21,lirr,89700,-69.28571428571428
2020-09-21,metronorth,61800,-72.71428571428572
2020-09-21,subway,1627636,-70.20000000000005
2020-09-22,bridgetunnel,808351,-14.799999999999983
2020-09-22,bus,1061900,-52.71428571428568
2020-09-22,citibike,83046,3.7285714285712572
2020-09-22,lirr,87400,-69.28571428571428
2020-09-22,metronorth,61000,-72.57142857142857
2020-09-22,subway,1702325,-70.0428571428572
2020-09-23,bridgetunnel,834469,-14.457142857142841
2020-09-23,bus,1093600,-52.57142857142854
2020-09-23,citibike,90770,5.328571428571266
2020-09-23,lirr,89000,-69.28571428571428
2020-09-23,metronorth,62300,-72.28571428571428
2020-09-23,subway,1739043,-69.9428571428572
2020-09-24,bridgetunnel,857578,-13.871428571428552
2020-09-24,bus,1070500,-52.285714285714256
2020-09-24,citibike,87139,7.228571428571257
2020-09-24,lirr,89100,-69.14285714285714
2020-09-24,metronorth,62400,-71.85714285714286
2020-09-24,subway,1726180,-69.71428571428578
2020-09-25,bridgetunnel,912599,-13.685714285714283
2020-09-25,bus,1077600,-51.428571428571395
2020-09-25,citibike,94007,8.399999999999835
2020-09-25,lirr,92500,-69.14285714285714
2020-09-25,metronorth,67900,-71.71428571428572
2020-09-25,subway,1765299,-69.28571428571433
2020-09-26,bridgetunnel,824515,-13.271428571428572
2020-09-26,bus,756300,-50.71428571428568
2020-09-26,citibike,99546,4.714285714285538
2020-09-26,lirr,47200,-69.14285714285714
2020-09-26,metronorth,66800,-71.71428571428572
2020-09-26,subway,1120175,-68.74285714285719
2020-09-27,bridgetunnel,731091,-13.142857142857139
2020-09-27,bus,586900,-50.71428571428568
2020-09-27,citibike,87640,3.8857142857141156
2020-09-27,lirr,40000,-69.14285714285714
2020-09-27,metronorth,45200,-71.85714285714286
2020-09-27,subway,846184,-68.65714285714292
2020-09-28,bridgetunnel,753159,-12.457142857142841
2020-09-28,bus,955300,-50.0285714285714
2020-09-28,citibike,78234,8.799999999999827
2020-09-28,lirr,89700,-69.14285714285714
2020-09-28,metronorth,63800,-72
2020-09-28,subway,1492611,-68.42857142857149
2020-09-29,bridgetunnel,790861,-12.54285714285713
2020-09-29,bus,1023100,-49.95714285714282
2020-09-29,citibike,59932,6.9714285714284046
2020-09-29,lirr,88400,-69.14285714285714
2020-09-29,metronorth,59700,-72.14285714285714
2020-09-29,subway,1664896,-68.4428571428572
2020-09-30,bridgetunnel,822683,-12.299999999999983
2020-09-30,bus,1077000,-49.8285714285714
2020-09-30,citibike,85576,9.871428571428396
2020-09-30,lirr,89200,-69.14285714285714
2020-09-30,metronorth,61500,-72
2020-09-30,subway,1744524,-68.42857142857149
2020-10-01,bridgetunnel,870606,-12.071428571428555
2020-10-01,bus,1150563,-50.014285714285684
2020-10-01,citibike,89967,17.971428571428405
2020-10-01,lirr,86100,-69.42857142857143
2020-10-01,metronorth,62100,-72.14285714285714
2020-10-01,subway,1813961,-68.3428571428572
2020-10-02,bridgetunnel,891268,-12.071428571428555
2020-10-02,bus,1109459,-50.514285714285684
2020-10-02,citibike,81155,16.714285714285552
2020-10-02,lirr,87300,-69.28571428571428
2020-10-02,metronorth,67100,-72.14285714285714
2020-10-02,subway,1794201,-68.61428571428577
2020-10-03,bridgetunnel,810626,-11.942857142857136
2020-10-03,bus,773305,-50.64285714285711
2020-10-03,citibike,95837,24.22857142857127
2020-10-03,lirr,45000,-69.14285714285714
2020-10-03,metronorth,68900,-72
2020-10-03,subway,1168073,-68.80000000000007
2020-10-04,bridgetunnel,706562,-10.357142857142847
2020-10-04,bus,566754,-48.31428571428568
2020-10-04,citibike,80881,28.628571428571263
2020-10-04,lirr,35000,-69
2020-10-04,metronorth,43900,-71.85714285714286
2020-10-04,subway,853591,-67.80000000000007
2020-10-05,bridgetunnel,783540,-11.199999999999974
2020-10-05,bus,1092193,-48.64285714285711
2020-10-05,citibike,75943,27.35714285714269
2020-10-05,lirr,88700,-68.85714285714286
2020-10-05,metronorth,62900,-71.57142857142857
2020-10-05,subway,1682379,-67.84285714285721
2020-10-06,bridgetunnel,802900,-11.457142857142827
2020-10-06,bus,1133242,-48.442857142857115
2020-10-06,citibike,85964,28.55714285714268
2020-10-06,lirr,87700,-69.28571428571428
2020-10-06,metronorth,65100,-71.28571428571428
2020-10-06,subway,1762320,-67.70000000000006
2020-10-07,bridgetunnel,814866,-11.314285714285688
2020-10-07,bus,1124542,-48.29999999999997
2020-10-07,citibike,81475,28.214285714285552
2020-10-07,lirr,87100,-69.42857142857143
2020-10-07,metronorth,64300,-70.42857142857143
2020-10-07,subway,1774408,-67.57142857142864
2020-10-08,bridgetunnel,845788,-11.857142857142819
2020-10-08,bus,1128062,-48.357142857142826
2020-10-08,citibike,84174,26.599999999999838
2020-10-08,lirr,88000,-69.42857142857143
2020-10-08,metronorth,65600,-70.28571428571428
2020-10-08,subway,1801918,-67.85714285714292
2020-10-09,bridgetunnel,896404,-12.757142857142824
2020-10-09,bus,1114870,-48.27142857142854
2020-10-09,citibike,87853,15.642857142856982
2020-10-09,lirr,78700,-70
2020-10-09,metronorth,72400,-70.57142857142857
2020-10-09,subway,1811779,-67.7428571428572
2020-10-10,bridgetunnel,823775,-13.857142857142819
2020-10-10,bus,770914,-48.79999999999996
2020-10-10,citibike,94204,8.88571428571413
2020-10-10,lirr,44500,-70.57142857142857
2020-10-10,metronorth,77300,-70.57142857142857
2020-10-10,subway,1171657,-67.97142857142863
2020-10-11,bridgetunnel,692669,-15.18571428571424
2020-10-11,bus,564046,-49.99999999999996
2020-10-11,citibike,75658,10.4571428571427
2020-10-11,lirr,34600,-70.57142857142857
2020-10-11,metronorth,45700,-70.42857142857143
2020-10-11,subway,849518,-68.65714285714292
2020-10-12,bridgetunnel,685982,-14.857142857142819
2020-10-12,bus,770512,-49.67142857142853
2020-10-12,citibike,16438,12.071428571428413
2020-10-12,lirr,76800,-70.42857142857143
2020-10-12,metronorth,59300,-70.42857142857143
2020-10-12,subway,1286892,-68.55714285714292
2020-10-13,bridgetunnel,765671,-15.885714285714258
2020-10-13,bus,1067179,-50.485714285714245
2020-10-13,citibike,52005,1.7999999999998408
2020-10-13,lirr,76600,-70.14285714285714
2020-10-13,metronorth,62700,-70.85714285714286
2020-10-13,subway,1718853,-68.98571428571435
2020-10-14,bridgetunnel,824529,-16.49999999999997
2020-10-14,bus,1161893,-50.41428571428567
2020-10-14,citibike,88630,0.6428571428569825
2020-10-14,lirr,89200,-70.14285714285714
2020-10-14,metronorth,66700,-71.57142857142857
2020-10-14,subway,1842638,-68.97142857142863
2020-10-15,bridgetunnel,866245,-14.67142857142855
2020-10-15,bus,1154164,-49.3428571428571
2020-10-15,citibike,91546,1.0857142857141326
2020-10-15,lirr,90300,-70.14285714285714
2020-10-15,metronorth,67700,-71.14285714285714
2020-10-15,subway,1857822,-68.25714285714292
2020-10-16,bridgetunnel,820106,-13.371428571428538
2020-10-16,bus,986166,-49.18571428571424
2020-10-16,citibike,30803,11.599999999999838
2020-10-16,lirr,83800,-69.57142857142857
2020-10-16,metronorth,64900,-70.71428571428572
2020-10-16,subway,1674686,-68.22857142857148
2020-10-17,bridgetunnel,794520,-12.428571428571402
2020-10-17,bus,780003,-48.557142857142814
2020-10-17,citibike,88619,16.4571428571427
2020-10-17,lirr,43800,-69
2020-10-17,metronorth,70500,-70.71428571428572
2020-10-17,subway,1211061,-68.01428571428578
2020-10-18,bridgetunnel,752262,-13.18571428571424
2020-10-18,bus,585376,-49.28571428571424
2020-10-18,citibike,77101,15.514285714285549
2020-10-18,lirr,34700,-69.14285714285714
2020-10-18,metronorth,48700,-70.85714285714286
2020-10-18,subway,897886,-68.22857142857148
2020-10-19,bridgetunnel,782239,-13.68571428571424
2020-10-19,bus,1104658,-49.52857142857139
2020-10-19,citibike,73487,13.85714285714269
2020-10-19,lirr,89200,-69.28571428571428
2020-10-19,metronorth,66000,-70.85714285714286
2020-10-19,subway,1722723,-68.31428571428577
2020-10-20,bridgetunnel,790018,-12.557142857142821
2020-10-20,bus,1127897,-48.67142857142853
2020-10-20,citibike,76360,23.999999999999844
2020-10-20,lirr,86600,-69
2020-10-20,metronorth,63500,-70.57142857142857
2020-10-20,subway,1784090,-67.84285714285721
2020-10-21,bridgetunnel,806738,-12.371428571428538
2020-10-21,bus,1147375,-48.75714285714282
2020-10-21,citibike,84333,24.471428571428405
2020-10-21,lirr,86200,-69.14285714285714
2020-10-21,metronorth,65200,-70.42857142857143
2020-10-21,subway,1816797,-67.91428571428577
2020-10-22,bridgetunnel,845064,-11.914285714285683
2020-10-22,bus,1146065,-47.842857142857106
2020-10-22,citibike,84031,19.7714285714284
2020-10-22,lirr,88700,-69.28571428571428
2020-10-22,metronorth,67000,-70.85714285714286
2020-10-22,subway,1829135,-67.4428571428572
2020-10-23,bridgetunnel,881995,-12.814285714285674
2020-10-23,bus,1128035,-48.21428571428568
2020-10-23,citibike,87129,15.671428571428393
2020-10-23,lirr,89900,-69.28571428571428
2020-10-23,metronorth,71100,-71
2020-10-23,subway,1846268,-67.58571428571435
2020-10-24,bridgetunnel,805454,-13.371428571428524
2020-10-24,bus,780710,-48.3285714285714
2020-10-24,citibike,90911,16.028571428571254
2020-10-24,lirr,43600,-69.28571428571428
2020-10-24,metronorth,72200,-71
2020-10-24,subway,1185612,-67.62857142857149
2020-10-25,bridgetunnel,725809,-13.19999999999996
2020-10-25,bus,576930,-48.442857142857115
2020-10-25,citibike,62008,11.314285714285546
2020-10-25,lirr,33700,-69.14285714285714
2020-10-25,metronorth,45000,-71
2020-10-25,subway,885001,-67.58571428571435
2020-10-26,bridgetunnel,760604,-12.942857142857108
2020-10-26,bus,1058119,-48.91428571428569
2020-10-26,citibike,51238,-2.9714285714287456
2020-10-26,lirr,86700,-69.42857142857143
2020-10-26,metronorth,64800,-71.28571428571428
2020-10-26,subway,1694080,-67.62857142857149
2020-10-27,bridgetunnel,789371,-13.571428571428541
2020-10-27,bus,1138746,-49.59999999999997
2020-10-27,citibike,78178,-11.528571428571595
2020-10-27,lirr,87400,-69.71428571428572
2020-10-27,metronorth,64400,-71.42857142857143
2020-10-27,subway,1818884,-67.8428571428572
2020-10-28,bridgetunnel,801966,-14.18571428571424
2020-10-28,bus,1109591,-50.11428571428569
2020-10-28,citibike,62984,-16.585714285714445
2020-10-28,lirr,86700,-69.85714285714286
2020-10-28,metronorth,64000,-72.14285714285714
2020-10-28,subway,1823028,-67.91428571428577
2020-10-29,bridgetunnel,776467,-15.371428571428538
2020-10-29,bus,974119,-52.21428571428569
2020-10-29,citibike,19143,-22.64285714285731
2020-10-29,lirr,81800,-70.71428571428572
2020-10-29,metronorth,60300,-73.42857142857143
2020-10-29,subway,1708611,-69.75714285714292
2020-10-30,bridgetunnel,824680,-15.257142857142838
2020-10-30,bus,1004498,-52.15714285714284
2020-10-30,citibike,39644,-19.442857142857306
2020-10-30,lirr,84300,-70.85714285714286
2020-10-30,metronorth,65900,-73.57142857142857
2020-10-30,subway,1771288,-69.65714285714292
2020-10-31,bridgetunnel,743811,-16.057142857142836
2020-10-31,bus,724129,-52.242857142857126
2020-10-31,citibike,66558,-19.800000000000168
2020-10-31,lirr,41500,-71.28571428571428
2020-10-31,metronorth,63600,-73.85714285714286
2020-10-31,subway,1174079,-69.85714285714292
2020-11-01,bridgetunnel,660915,-16.914285714285697
2020-11-01,bus,510667,-52.45714285714284
2020-11-01,citibike,33560,-17.15714285714303
2020-11-01,lirr,29500,-71.71428571428572
2020-11-01,metronorth,35500,-74.14285714285714
2020-11-01,subway,786678,-70.17142857142863
2020-11-02,bridgetunnel,772129,-17.17142857142855
2020-11-02,bus,1064298,-51.985714285714266
2020-11-02,citibike,50727,1.1428571428569825
2020-11-02,lirr,87200,-71.71428571428572
2020-11-02,metronorth,59400,-74.14285714285714
2020-11-02,subway,1751443,-70.1428571428572
2020-11-03,bridgetunnel,720562,-16.557142857142836
2020-11-03,bus,1017551,-51.04285714285712
2020-11-03,citibike,62263,17.099999999999824
2020-11-03,lirr,82100,-71.71428571428572
2020-11-03,metronorth,58100,-74.14285714285714
2020-11-03,subway,1606096,-69.90000000000006
2020-11-04,bridgetunnel,754704,-15.67142857142855
2020-11-04,bus,1083036,-50.31428571428569
2020-11-04,citibike,65361,38.49999999999983
2020-11-04,lirr,81600,-71.28571428571428
2020-11-04,metronorth,56400,-73.85714285714286
2020-11-04,subway,1693937,-69.40000000000006
2020-11-05,bridgetunnel,818991,-15.742857142857119
2020-11-05,bus,1125820,-49.7285714285714
2020-11-05,citibike,74952,59.371428571428396
2020-11-05,lirr,87000,-69.85714285714286
2020-11-05,metronorth,59900,-72.71428571428572
2020-11-05,subway,1797589,-68.0285714285715
2020-11-06,bridgetunnel,858167,-14.742857142857119
2020-11-06,bus,1114000,-49.14285714285711
2020-11-06,citibike,82327,65.64285714285697
2020-11-06,lirr,89500,-69.71428571428572
2020-11-06,metronorth,65000,-72.57142857142857
2020-11-06,subway,1840860,-68.01428571428578
2020-11-07,bridgetunnel,790712,-13.399999999999977
2020-11-07,bus,749502,-48.599999999999966
2020-11-07,citibike,98714,71.07142857142841
2020-11-07,lirr,46400,-69.28571428571428
2020-11-07,metronorth,66300,-72.28571428571428
2020-11-07,subway,1246356,-67.64285714285721
2020-11-08,bridgetunnel,726041,-13.799999999999969
2020-11-08,bus,584868,-47.47142857142854
2020-11-08,citibike,86381,66.24285714285699
2020-11-08,lirr,38500,-69.28571428571428
2020-11-08,metronorth,44000,-72.28571428571428
2020-11-08,subway,928516,-66.84285714285721
2020-11-09,bridgetunnel,773217,-14.457142857142827
2020-11-09,bus,1099361,-47.74285714285711
2020-11-09,citibike,75909,55.97142857142839
2020-11-09,lirr,91700,-69.28571428571428
2020-11-09,metronorth,62400,-72.42857142857143
2020-11-09,subway,1756175,-66.81428571428577
2020-11-10,bridgetunnel,800965,-15.114285714285685
2020-11-10,bus,1146090,-48.22857142857139
2020-11-10,citibike,84497,46.57142857142841
2020-11-10,lirr,91500,-69.42857142857143
2020-11-10,metronorth,63000,-72.71428571428572
2020-11-10,subway,1840750,-66.87142857142864
2020-11-11,bridgetunnel,713640,-15.842857142857127
2020-11-11,bus,968853,-48.21428571428567
2020-11-11,citibike,46334,38.24285714285696
2020-11-11,lirr,83300,-70
2020-11-11,metronorth,21200,-73.57142857142857
2020-11-11,subway,1617862,-67.00000000000007
2020-11-12,bridgetunnel,779141,-17.542857142857116
2020-11-12,bus,1058761,-48.7428571428571
2020-11-12,citibike,40774,24.328571428571266
2020-11-12,lirr,86200,-71.14285714285714
2020-11-12,metronorth,58200,-75
2020-11-12,subway,1780212,-67.45714285714293
2020-11-13,bridgetunnel,821059,-18.271428571428558
2020-11-13,bus,1061880,-48.985714285714245
2020-11-13,citibike,48814,19.785714285714107
2020-11-13,lirr,86300,-71.28571428571428
2020-11-13,metronorth,61000,-75.14285714285714
2020-11-13,subway,1820025,-67.3285714285715
2020-11-14,bridgetunnel,735029,-19.142857142857125
2020-11-14,bus,755714,-49.71428571428567
2020-11-14,citibike,75407,12.48571428571411
2020-11-14,lirr,41400,-71.57142857142857
2020-11-14,metronorth,58000,-75.42857142857143
2020-11-14,subway,1215491,-67.50000000000006
2020-11-15,bridgetunnel,596389,-18.299999999999983
2020-11-15,bus,524515,-50.75714285714282
2020-11-15,citibike,51150,11.942857142856965
2020-11-15,lirr,30900,-71.42857142857143
2020-11-15,metronorth,32900,-75.42857142857143
2020-11-15,subway,821555,-68.00000000000006
2020-11-16,bridgetunnel,757988,-17.999999999999986
2020-11-16,bus,1051458,-50.87142857142853
2020-11-16,citibike,57686,15.171428571428393
2020-11-16,lirr,89500,-71.42857142857143
2020-11-16,metronorth,61400,-75.42857142857143
2020-11-16,subway,1745282,-68.10000000000007
2020-11-17,bridgetunnel,764725,-17.528571428571425
2020-11-17,bus,1094353,-50.671428571428535
2020-11-17,citibike,54555,20.728571428571257
2020-11-17,lirr,87000,-71.28571428571428
2020-11-17,metronorth,58600,-75.42857142857143
2020-11-17,subway,1792431,-68.08571428571435
2020-11-18,bridgetunnel,776422,-17.328571428571422
2020-11-18,bus,1072627,-50.97142857142854
2020-11-18,citibike,44151,20.728571428571257
2020-11-18,lirr,84100,-71.57142857142857
2020-11-18,metronorth,57700,-76
2020-11-18,subway,1791183,-68.27142857142863
2020-11-19,bridgetunnel,800461,-16.39999999999999
2020-11-19,bus,1058467,-50.05714285714283
2020-11-19,citibike,51506,18.728571428571257
2020-11-19,lirr,84700,-71.57142857142857
2020-11-19,metronorth,57800,-76.14285714285714
2020-11-19,subway,1761064,-67.90000000000006
2020-11-20,bridgetunnel,843069,-16.757142857142853
2020-11-20,bus,1073124,-50.67142857142854
2020-11-20,citibike,68630,14.999999999999815
2020-11-20,lirr,87400,-71.57142857142857
2020-11-20,metronorth,60400,-76.14285714285714
2020-11-20,subway,1803896,-68.2285714285715
2020-11-21,bridgetunnel,742369,-17.014285714285705
2020-11-21,bus,750818,-50.79999999999997
2020-11-21,citibike,75396,14.685714285714099
2020-11-21,lirr,39200,-71.42857142857143
2020-11-21,metronorth,51200,-76
2020-11-21,subway,1157976,-68.31428571428577
2020-11-22,bridgetunnel,598349,-16.628571428571405
2020-11-22,bus,543514,-50.499999999999964
2020-11-22,citibike,46092,17.928571428571246
2020-11-22,lirr,31000,-71.14285714285714
2020-11-22,metronorth,31900,-75.57142857142857
2020-11-22,subway,818055,-68.05714285714292
2020-11-23,bridgetunnel,755375,-19.59999999999998
2020-11-23,bus,1002977,-49.2285714285714
2020-11-23,citibike,42735,11.685714285714099
2020-11-23,lirr,87700,-71.71428571428572
2020-11-23,metronorth,59500,-77
2020-11-23,subway,1649748,-67.84285714285721
2020-11-24,bridgetunnel,821450,-19.971428571428547
2020-11-24,bus,1064087,-48.04285714285711
2020-11-24,citibike,53295,7.3571428571426765
2020-11-24,lirr,89800,-72.14285714285714
2020-11-24,metronorth,61100,-78.28571428571428
2020-11-24,subway,1739107,-67.10000000000007
2020-11-25,bridgetunnel,853222,-21.528571428571396
2020-11-25,bus,1032401,-47.95714285714282
2020-11-25,citibike,56998,-0.5142857142858901
2020-11-25,lirr,93400,-72.28571428571428
2020-11-25,metronorth,67200,-78.85714285714286
2020-11-25,subway,1691393,-66.98571428571435
2020-11-26,bridgetunnel,564193,-20.428571428571402
2020-11-26,bus,443386,-46.77142857142854
2020-11-26,citibike,30754,2.08571428571409
2020-11-26,lirr,72600,-72
2020-11-26,metronorth,10700,-78.57142857142857
2020-11-26,subway,653123,-66.35714285714292
2020-11-27,bridgetunnel,671214,-20.14285714285711
2020-11-27,bus,812188,-47.099999999999966
2020-11-27,citibike,53196,-2.7857142857144765
2020-11-27,lirr,77300,-72.42857142857143
2020-11-27,metronorth,12300,-78.85714285714286
2020-11-27,subway,1265519,-66.51428571428578
2020-11-28,bridgetunnel,649087,-19.914285714285683
2020-11-28,bus,684962,-46.97142857142854
2020-11-28,citibike,53342,8.214285714285523
2020-11-28,lirr,37800,-73
2020-11-28,metronorth,45600,-79.28571428571428
2020-11-28,subway,1034026,-66.58571428571435
2020-11-29,bridgetunnel,631799,-20.79999999999997
2020-11-29,bus,545820,-47.499999999999964
2020-11-29,citibike,52691,13.642857142856954
2020-11-29,lirr,32600,-73.71428571428572
2020-11-29,metronorth,34400,-80
2020-11-29,subway,827800,-67.08571428571435
2020-11-30,bridgetunnel,652664,-18.371428571428538
2020-11-30,bus,819615,-48.64285714285711
2020-11-30,citibike,23155,24.828571428571223
2020-11-30,lirr,80000,-73.42857142857143
2020-11-30,metronorth,54200,-78.71428571428572
2020-11-30,subway,1462166,-67.38571428571436
2020-12-01,bridgetunnel,752069,-18.985714285714252
2020-12-01,bus,1051162,-50.257142857142824
2020-12-01,citibike,53238,25.357142857142648
2020-12-01,lirr,73600,-73.57142857142857
2020-12-01,metronorth,50200,-77.71428571428572
2020-12-01,subway,1709780,-68.48571428571435
2020-12-02,bridgetunnel,746840,-20.12857142857139
2020-12-02,bus,1018368,-51.54285714285711
2020-12-02,citibike,47435,21.82857142857121
2020-12-02,lirr,73600,-74.57142857142857
2020-12-02,metronorth,50500,-78.57142857142857
2020-12-02,subway,1703245,-69.72857142857148
2020-12-03,bridgetunnel,767310,-22.328571428571394
2020-12-03,bus,1056963,-53.5285714285714
2020-12-03,citibike,53255,25.62857142857122
2020-12-03,lirr,75100,-74.85714285714286
2020-12-03,metronorth,52000,-79
2020-12-03,subway,1739370,-70.84285714285721
2020-12-04,bridgetunnel,775709,-22.62857142857139
2020-12-04,bus,1012813,-52.428571428571395
2020-12-04,citibike,40706,43.771428571428345
2020-12-04,lirr,72100,-74.71428571428572
2020-12-04,metronorth,51700,-79
2020-12-04,subway,1704749,-70.58571428571435
2020-12-05,bridgetunnel,572557,-22.928571428571402
2020-12-05,bus,619735,-52.58571428571425
2020-12-05,citibike,31911,38.31428571428552
2020-12-05,lirr,33500,-74.57142857142857
2020-12-05,metronorth,37900,-78.85714285714286
2020-12-05,subway,1001236,-71.05714285714292
2020-12-06,bridgetunnel,590525,-22.24285714285712
2020-12-06,bus,545433,-52.371428571428545
2020-12-06,citibike,40881,33.9999999999998
2020-12-06,lirr,35100,-74.42857142857143
2020-12-06,metronorth,31900,-78.85714285714286
2020-12-06,subway,879278,-71.0285714285715
2020-12-07,bridgetunnel,729674,-22.15714285714283
2020-12-07,bus,1018044,-52.171428571428535
2020-12-07,citibike,41671,33.4999999999998
2020-12-07,lirr,77800,-74.42857142857143
2020-12-07,metronorth,52600,-78.85714285714286
2020-12-07,subway,1659836,-70.98571428571435
2020-12-08,bridgetunnel,744112,-21.49999999999997
2020-12-08,bus,1029646,-51.614285714285685
2020-12-08,citibike,41156,40.84285714285693
2020-12-08,lirr,75000,-74.14285714285714
2020-12-08,metronorth,51900,-78.71428571428572
2020-12-08,subway,1544078,-70.75714285714292
2020-12-09,bridgetunnel,749886,-19.74285714285712
2020-12-09,bus,1017090,-50.47142857142854
2020-12-09,citibike,37150,51.37142857142837
2020-12-09,lirr,74700,-73.14285714285714
2020-12-09,metronorth,50900,-77.85714285714286
2020-12-09,subway,1705159,-70.30000000000007
2020-12-10,bridgetunnel,784406,-18.75714285714284
2020-12-10,bus,1066582,-50.14285714285711
2020-12-10,citibike,51954,63.64285714285691
2020-12-10,lirr,76800,-72.57142857142857
2020-12-10,metronorth,52800,-77.28571428571428
2020-12-10,subway,1764682,-70.37142857142864
2020-12-11,bridgetunnel,821871,-19.24285714285712
2020-12-11,bus,1053576,-50.98571428571425
2020-12-11,citibike,60049,54.55714285714265
2020-12-11,lirr,79700,-72.71428571428572
2020-12-11,metronorth,55900,-77.42857142857143
2020-12-11,subway,1789568,-70.62857142857149
2020-12-12,bridgetunnel,671668,-17.414285714285697
2020-12-12,bus,704357,-50.0285714285714
2020-12-12,citibike,53577,56.242857142856934
2020-12-12,lirr,41800,-72.57142857142857
2020-12-12,metronorth,46400,-77.28571428571428
2020-12-12,subway,1091372,-69.85714285714292
2020-12-13,bridgetunnel,659446,-20.09999999999998
2020-12-13,bus,579527,-51.07142857142854
2020-12-13,citibike,61272,51.742857142856934
2020-12-13,lirr,39300,-72.85714285714286
2020-12-13,metronorth,36800,-77.42857142857143
2020-12-13,subway,911519,-70.17142857142863
2020-12-14,bridgetunnel,723908,-27.185714285714255
2020-12-14,bus,950309,-54.21428571428568
2020-12-14,citibike,25833,31.89999999999978
2020-12-14,lirr,75000,-75.28571428571428
2020-12-14,metronorth,51500,-79.28571428571428
2020-12-14,subway,1587068,-71.62857142857149
2020-12-15,bridgetunnel,819063,-28.57142857142854
2020-12-15,bus,1076717,-54.88571428571425
2020-12-15,citibike,44890,14.828571428571209
2020-12-15,lirr,78400,-75.42857142857143
2020-12-15,metronorth,54600,-79.42857142857143
2020-12-15,subway,1786741,-71.55714285714292
2020-12-16,bridgetunnel,625006,-29.19999999999996
2020-12-16,bus,854245,-55.171428571428535
2020-12-16,citibike,26385,-3.057142857143077
2020-12-16,lirr,68100,-75.57142857142857
2020-12-16,metronorth,47600,-79.42857142857143
2020-12-16,subway,1571978,-71.07142857142864
2020-12-17,bridgetunnel,297298,-30.942857142857108
2020-12-17,bus,525802,-55.95714285714282
2020-12-17,citibike,180,-30.085714285714502
2020-12-17,lirr,21400,-76.42857142857143
2020-12-17,metronorth,17600,-80.28571428571428
2020-12-17,subway,1081431,-71.30000000000007
2020-12-18,bridgetunnel,736356,-30.371428571428538
2020-12-18,bus,938457,-54.285714285714256
2020-12-18,citibike,15053,-26.82857142857165
2020-12-18,lirr,74900,-76.14285714285714
2020-12-18,metronorth,54400,-80
2020-12-18,subway,1738727,-70.08571428571435
2020-12-19,bridgetunnel,651814,-31.014285714285677
2020-12-19,bus,669751,-53.757142857142824
2020-12-19,citibike,16787,-30.214285714285936
2020-12-19,lirr,41100,-76
2020-12-19,metronorth,46600,-80
2020-12-19,subway,1112852,-69.25714285714292
2020-12-20,bridgetunnel,555254,-24.342857142857113
2020-12-20,bus,516601,-51.21428571428568
2020-12-20,citibike,16377,-24.28571428571452
2020-12-20,lirr,32600,-75.28571428571428
2020-12-20,metronorth,30500,-79.42857142857143
2020-12-20,subway,822001,-67.70000000000006
2020-12-21,bridgetunnel,777049,-15.899999999999963
2020-12-21,bus,1011638,-47.27142857142854
2020-12-21,citibike,31502,-11.82857142857165
2020-12-21,lirr,81200,-72.85714285714286
2020-12-21,metronorth,56800,-77.42857142857143
2020-12-21,subway,1719279,-65.2428571428572
2020-12-22,bridgetunnel,814975,-18.85714285714282
2020-12-22,bus,1031789,-47.0428571428571
2020-12-22,citibike,37369,-13.028571428571652
2020-12-22,lirr,82000,-74
2020-12-22,metronorth,56400,-79.14285714285714
2020-12-22,subway,1764202,-65.6428571428572
2020-12-23,bridgetunnel,864271,-19.15714285714283
2020-12-23,bus,1033609,-48.02857142857139
2020-12-23,citibike,40544,-11.471428571428788
2020-12-23,lirr,84400,-74.57142857142857
2020-12-23,metronorth,59700,-79.57142857142857
2020-12-23,subway,1775738,-66.61428571428578
2020-12-24,bridgetunnel,760624,-17.74285714285712
2020-12-24,bus,813353,-47.97142857142853
2020-12-24,citibike,32700,-6.957142857143069
2020-12-24,lirr,75800,-74.42857142857143
2020-12-24,metronorth,54600,-79.14285714285714
2020-12-24,subway,1314656,-66.70000000000006
2020-12-25,bridgetunnel,476547,-16.74285714285712
2020-12-25,bus,312707,-47.47142857142853
2020-12-25,citibike,11892,-2.7142857142859214
2020-12-25,lirr,51300,-74.42857142857143
2020-12-25,metronorth,7300,-79
2020-12-25,subway,485839,-66.88571428571436
2020-12-26,bridgetunnel,593895,-15.914285714285697
2020-12-26,bus,555857,-46.98571428571425
2020-12-26,citibike,19977,-4.542857142857343
2020-12-26,lirr,36000,-74.57142857142857
2020-12-26,metronorth,42400,-79
2020-12-26,subway,880184,-67.05714285714292
2020-12-27,bridgetunnel,594862,-14.942857142857136
2020-12-27,bus,469973,-46.357142857142826
2020-12-27,citibike,23871,-6.528571428571624
2020-12-27,lirr,34400,-74.85714285714286
2020-12-27,metronorth,33200,-79
2020-12-27,subway,761251,-67.17142857142863
2020-12-28,bridgetunnel,743305,-15.457142857142841
2020-12-28,bus,902574,-46.97142857142854
2020-12-28,citibike,38911,-9.000000000000199
2020-12-28,lirr,81600,-74.85714285714286
2020-12-28,metronorth,58500,-79
2020-12-28,subway,1513195,-67.7428571428572
2020-12-29,bridgetunnel,759864,-15.414285714285711
2020-12-29,bus,918291,-46.514285714285684
2020-12-29,citibike,33322,-6.328571428571621
2020-12-29,lirr,78900,-75.71428571428572
2020-12-29,metronorth,56200,-78.85714285714286
2020-12-29,subway,1558295,-67.9285714285715
2020-12-30,bridgetunnel,799839,-13.299999999999997
2020-12-30,bus,935138,-45.757142857142824
2020-12-30,citibike,35816,9.45714285714267
2020-12-30,lirr,79300,-75.57142857142857
2020-12-30,metronorth,58000,-78.71428571428572
2020-12-30,subway,1585476,-66.9285714285715
2020-12-31,bridgetunnel,704297,-14.085714285714289
2020-12-31,bus,780869,-46.614285714285685
2020-12-31,citibike,26233,3.5571428571426793
2020-12-31,lirr,75200,-76.57142857142857
2020-12-31,metronorth,21600,-79.85714285714286
2020-12-31,subway,1277146,-67.14285714285721
2021-01-01,bridgetunnel,445950,-15.257142857142867
2021-01-01,bus,378288,-48.428571428571395
2021-01-01,citibike,18851,-0.8142857142859015
2021-01-01,lirr,29000,-77
2021-01-01,metronorth,8200,-80.28571428571428
2021-01-01,subway,614497,-67.87142857142864
2021-01-02,bridgetunnel,624765,-16.928571428571445
2021-01-02,bus,608686,-50.39999999999997
2021-01-02,citibike,41325,1.228571428571243
2021-01-02,lirr,28900,-77.28571428571428
2021-01-02,metronorth,44500,-80.57142857142857
2021-01-02,subway,989612,-68.78571428571435
2021-01-03,bridgetunnel,496494,-21.857142857142875
2021-01-03,bus,413820,-52.45714285714282
2021-01-03,citibike,14609,0.5999999999998096
2021-01-03,lirr,20800,-77.57142857142857
2021-01-03,metronorth,25200,-81
2021-01-03,subway,653915,-69.77142857142863
2021-01-04,bridgetunnel,688045,-22.285714285714306
2021-01-04,bus,964597,-52.77142857142854
2021-01-04,citibike,36863,7.699999999999804
2021-01-04,lirr,71100,-77.71428571428572
2021-01-04,metronorth,50900,-81.28571428571428
2021-01-04,subway,1561237,-70.12857142857149
2021-01-05,bridgetunnel,708610,-18.171428571428592
2021-01-05,bus,990479,-53.342857142857106
2021-01-05,citibike,38636,14.728571428571243
2021-01-05,lirr,70400,-75.85714285714286
2021-01-05,metronorth,51000,-79.85714285714286
2021-01-05,subway,1600910,-69.68571428571435
2021-01-06,bridgetunnel,726679,-19.385714285714315
2021-01-06,bus,996123,-53.61428571428568
2021-01-06,citibike,38009,10.642857142856954
2021-01-06,lirr,70300,-76
2021-01-06,metronorth,50800,-80
2021-01-06,subway,1616889,-70.00000000000007
2021-01-07,bridgetunnel,736609,-18.81428571428573
2021-01-07,bus,989097,-52.68571428571425
2021-01-07,citibike,38040,22.74285714285695
2021-01-07,lirr,69700,-75.42857142857143
2021-01-07,metronorth,51000,-79.42857142857143
2021-01-07,subway,1614248,-69.34285714285721
2021-01-08,bridgetunnel,754548,-18.68571428571431
2021-01-08,bus,982175,-52.89999999999996
2021-01-08,citibike,37265,22.39999999999982
2021-01-08,lirr,68600,-75.28571428571428
2021-01-08,metronorth,51500,-79.42857142857143
2021-01-08,subway,1622259,-69.30000000000007
2021-01-09,bridgetunnel,630790,-18.585714285714303
2021-01-09,bus,643475,-52.914285714285676
2021-01-09,citibike,34713,24.05714285714268
2021-01-09,lirr,27000,-75.14285714285714
2021-01-09,metronorth,42900,-79.28571428571428
2021-01-09,subway,991218,-69.20000000000007
2021-01-10,bridgetunnel,564543,-18.857142857142875
2021-01-10,bus,501437,-53.171428571428535
2021-01-10,citibike,35456,25.785714285714107
2021-01-10,lirr,23800,-75.14285714285714
2021-01-10,metronorth,29300,-79.14285714285714
2021-01-10,subway,763690,-69.18571428571435
2021-01-11,bridgetunnel,708058,-18.81428571428573
2021-01-11,bus,966517,-53.099999999999966
2021-01-11,citibike,36161,30.2714285714284
2021-01-11,lirr,72300,-75.14285714285714
2021-01-11,metronorth,51400,-79
2021-01-11,subway,1571330,-69.12857142857149
2021-01-12,bridgetunnel,730831,-18.785714285714306
2021-01-12,bus,997279,-52.77142857142854
2021-01-12,citibike,42406,31.52857142857124
2021-01-12,lirr,71400,-75.14285714285714
2021-01-12,metronorth,52100,-78.85714285714286
2021-01-12,subway,1643725,-69.01428571428579
2021-01-13,bridgetunnel,737859,-15.628571428571448
2021-01-13,bus,996646,-50.74285714285711
2021-01-13,citibike,42569,35.58571428571409
2021-01-13,lirr,70600,-75.14285714285714
2021-01-13,metronorth,51700,-78.71428571428572
2021-01-13,subway,1644812,-68.25714285714292
2021-01-14,bridgetunnel,754071,-14.471428571428575
2021-01-14,bus,1017757,-50.31428571428568
2021-01-14,citibike,47959,37.64285714285694
2021-01-14,lirr,70900,-75.14285714285714
2021-01-14,metronorth,52500,-78.14285714285714
2021-01-14,subway,1650630,-68.01428571428578
2021-01-15,bridgetunnel,788779,-14.057142857142864
2021-01-15,bus,981817,-48.285714285714256
2021-01-15,citibike,40560,40.8857142857141
2021-01-15,lirr,70200,-75.28571428571428
2021-01-15,metronorth,54000,-79.14285714285714
2021-01-15,subway,1630098,-66.58571428571435
2021-01-16,bridgetunnel,631135,-14.02857142857144
2021-01-16,bus,645625,-47.871428571428545
2021-01-16,citibike,41273,40.11428571428553
2021-01-16,lirr,27100,-75.28571428571428
2021-01-16,metronorth,43400,-79.14285714285714
2021-01-16,subway,992599,-66.51428571428578
2021-01-17,bridgetunnel,580771,-14.185714285714297
2021-01-17,bus,504031,-48.08571428571425
2021-01-17,citibike,38986,37.74285714285696
2021-01-17,lirr,24200,-75.42857142857143
2021-01-17,metronorth,32900,-79.28571428571428
2021-01-17,subway,798564,-66.61428571428578
2021-01-18,bridgetunnel,689251,-13.885714285714286
2021-01-18,bus,766926,-48.08571428571425
2021-01-18,citibike,42834,34.58571428571409
2021-01-18,lirr,68700,-75.28571428571428
2021-01-18,metronorth,31900,-79.28571428571428
2021-01-18,subway,1279119,-66.5428571428572
2021-01-19,bridgetunnel,736254,-13.600000000000009
2021-01-19,bus,1013616,-47.95714285714282
2021-01-19,citibike,40647,35.94285714285695
2021-01-19,lirr,72600,-75.14285714285714
2021-01-19,metronorth,52600,-79.28571428571428
2021-01-19,subway,1639243,-66.41428571428577
2021-01-20,bridgetunnel,712711,-15.328571428571436
2021-01-20,bus,921371,-48.45714285714282
2021-01-20,citibike,36310,30.342857142856957
2021-01-20,lirr,67900,-75
2021-01-20,metronorth,50000,-79.42857142857143
2021-01-20,subway,1578038,-66.41428571428577
2021-01-21,bridgetunnel,760221,-16.671428571428578
2021-01-21,bus,1007042,-49.55714285714282
2021-01-21,citibike,40966,23.642857142856954
2021-01-21,lirr,71200,-75
2021-01-21,metronorth,52000,-80
2021-01-21,subway,1656100,-66.87142857142862
2021-01-22,bridgetunnel,787474,-16.714285714285708
2021-01-22,bus,1018584,-51.285714285714256
2021-01-22,citibike,44115,20.371428571428382
2021-01-22,lirr,71300,-74.85714285714286
2021-01-22,metronorth,54000,-78.85714285714286
2021-01-22,subway,1675175,-68.25714285714292
2021-01-23,bridgetunnel,640381,-17.95714285714284
2021-01-23,bus,619673,-52.428571428571395
2021-01-23,citibike,32203,14.54285714285696
2021-01-23,lirr,27900,-75
2021-01-23,metronorth,42700,-79
2021-01-23,subway,998665,-68.68571428571434
2021-01-24,bridgetunnel,560522,-17.585714285714275
2021-01-24,bus,458203,-52.15714285714283
2021-01-24,citibike,27448,15.571428571428399
2021-01-24,lirr,24000,-74.85714285714286
2021-01-24,metronorth,29000,-79
2021-01-24,subway,741960,-68.62857142857149
2021-01-25,bridgetunnel,727393,-17.057142857142836
2021-01-25,bus,978987,-52.74285714285712
2021-01-25,citibike,36110,12.514285714285535
2021-01-25,lirr,73100,-75
2021-01-25,metronorth,52100,-79
2021-01-25,subway,1595694,-68.80000000000005
2021-01-26,bridgetunnel,653068,-17.228571428571414
2021-01-26,bus,911579,-54.299999999999976
2021-01-26,citibike,27457,4.714285714285538
2021-01-26,lirr,68200,-75.28571428571428
2021-01-26,metronorth,49300,-79.14285714285714
2021-01-26,subway,1553918,-69.28571428571433
2021-01-27,bridgetunnel,740154,-17.714285714285694
2021-01-27,bus,1004792,-56.4142857142857
2021-01-27,citibike,39037,1.7714285714283875
2021-01-27,lirr,70400,-75.57142857142857
2021-01-27,metronorth,50500,-79.28571428571428
2021-01-27,subway,1663376,-70.07142857142863
2021-01-28,bridgetunnel,768600,-16.542857142857116
2021-01-28,bus,950205,-56.642857142857125
2021-01-28,citibike,34196,-1.5428571428573292
2021-01-28,lirr,70000,-75.71428571428572
2021-01-28,metronorth,52000,-79.42857142857143
2021-01-28,subway,1650014,-70.00000000000006
2021-01-29,bridgetunnel,780131,-26.24285714285712
2021-01-29,bus,812264,-61.1142857142857
2021-01-29,citibike,23659,-19.02857142857161
2021-01-29,lirr,65100,-78.71428571428572
2021-01-29,metronorth,49700,-81.28571428571428
2021-01-29,subway,1514326,-72.78571428571433
2021-01-30,bridgetunnel,652550,-31.95714285714284
2021-01-30,bus,566837,-63.5142857142857
2021-01-30,citibike,27436,-31.157142857143043
2021-01-30,lirr,26600,-81
2021-01-30,metronorth,40800,-82.28571428571428
2021-01-30,subway,943426,-74.18571428571434
2021-01-31,bridgetunnel,573512,-33.37142857142855
2021-01-31,bus,427945,-64.02857142857141
2021-01-31,citibike,21741,-43.114285714285906
2021-01-31,lirr,23100,-81
2021-01-31,metronorth,28400,-82.28571428571428
2021-01-31,subway,723473,-74.11428571428577
2021-02-01,bridgetunnel,156759,-34.114285714285685
2021-02-01,bus,337228,-63.45714285714284
2021-02-01,citibike,241,-52.04285714285733
2021-02-01,lirr,8600,-81
2021-02-01,metronorth,16700,-82.28571428571428
2021-02-01,subway,584184,-73.77142857142863
2021-02-02,bridgetunnel,311607,-34.09999999999998
2021-02-02,bus,543073,-62.142857142857125
2021-02-02,citibike,0,-51.942857142857335
2021-02-02,lirr,22800,-80.85714285714286
2021-02-02,metronorth,30600,-82.14285714285714
2021-02-02,subway,1007502,-73.25714285714292
2021-02-03,bridgetunnel,656614,-34.042857142857116
2021-02-03,bus,949695,-60.657142857142844
2021-02-03,citibike,6390,-52.700000000000195
2021-02-03,lirr,69100,-80.42857142857143
2021-02-03,metronorth,49700,-81.42857142857143
2021-02-03,subway,1705655,-72.42857142857149
2021-02-04,bridgetunnel,742193,-39.34285714285711
2021-02-04,bus,1033791,-61.671428571428564
2021-02-04,citibike,18473,-60.85714285714305
2021-02-04,lirr,71300,-81.28571428571428
2021-02-04,metronorth,51000,-82.14285714285714
2021-02-04,subway,1789214,-72.90000000000006
2021-02-05,bridgetunnel,766091,-30.114285714285685
2021-02-05,bus,1001775,-57.45714285714285
2021-02-05,citibike,23960,-53.84285714285733
2021-02-05,lirr,68900,-78.42857142857143
2021-02-05,metronorth,51300,-80.28571428571428
2021-02-05,subway,1744130,-70.10000000000005
2021-02-06,bridgetunnel,689415,-23.99999999999997
2021-02-06,bus,715717,-54.52857142857142
2021-02-06,citibike,30667,-45.00000000000019
2021-02-06,lirr,29200,-76.14285714285714
2021-02-06,metronorth,40300,-79.28571428571428
2021-02-06,subway,1149757,-68.41428571428577
2021-02-07,bridgetunnel,340122,-22.21428571428568
2021-02-07,bus,367095,-53.82857142857142
2021-02-07,citibike,8145,-35.62857142857162
2021-02-07,lirr,17100,-76.14285714285714
2021-02-07,metronorth,19400,-79.14285714285714
2021-02-07,subway,653257,-68.20000000000005
2021-02-08,bridgetunnel,701146,-22.414285714285683
2021-02-08,bus,964007,-54.07142857142856
2021-02-08,citibike,18067,-34.22857142857161
2021-02-08,lirr,71000,-76.14285714285714
2021-02-08,metronorth,50900,-79.14285714285714
2021-02-08,subway,1642828,-68.38571428571434
2021-02-09,bridgetunnel,682085,-22.62857142857139
2021-02-09,bus,992290,-54.3142857142857
2021-02-09,citibike,22016,-33.68571428571447
2021-02-09,lirr,69500,-76
2021-02-09,metronorth,47600,-79
2021-02-09,subway,1669590,-68.50000000000006
2021-02-10,bridgetunnel,769088,-22.914285714285683
2021-02-10,bus,1052021,-53.99999999999999
2021-02-10,citibike,27885,-37.928571428571615
2021-02-10,lirr,71300,-76
2021-02-10,metronorth,50100,-79
2021-02-10,subway,1753405,-68.40000000000006
2021-02-11,bridgetunnel,755367,-18.85714285714282
2021-02-11,bus,1005348,-52.22857142857142
2021-02-11,citibike,22461,-29.8142857142859
2021-02-11,lirr,70200,-75
2021-02-11,metronorth,50500,-77.57142857142857
2021-02-11,subway,1717804,-67.28571428571435
2021-02-12,bridgetunnel,803912,-19.09999999999998
2021-02-12,bus,965421,-51.028571428571425
2021-02-12,citibike,25409,-27.87142857142875
2021-02-12,lirr,72100,-75.28571428571428
2021-02-12,metronorth,53700,-75.57142857142857
2021-02-12,subway,1709253,-66.20000000000006
2021-02-13,bridgetunnel,666722,-18.31428571428569
2021-02-13,bus,656637,-50.3
2021-02-13,citibike,22627,-24.52857142857161
2021-02-13,lirr,29300,-75.14285714285714
2021-02-13,metronorth,40800,-75.42857142857143
2021-02-13,subway,1093261,-65.92857142857149
2021-02-14,bridgetunnel,551288,-17.49999999999997
2021-02-14,bus,479319,-49.47142857142857
2021-02-14,citibike,22975,-23.52857142857161
2021-02-14,lirr,23400,-75
2021-02-14,metronorth,28200,-75.28571428571428
2021-02-14,subway,858877,-65.80000000000007
2021-02-15,bridgetunnel,641883,-22.09999999999998
2021-02-15,bus,726412,-50.75714285714285
2021-02-15,citibike,22983,-28.800000000000196
2021-02-15,lirr,65700,-75.57142857142857
2021-02-15,metronorth,30000,-75.71428571428572
2021-02-15,subway,1220357,-66.4428571428572
2021-02-16,bridgetunnel,726224,-24.49999999999997
2021-02-16,bus,963223,-51.15714285714285
2021-02-16,citibike,30320,-33.97142857142876
2021-02-16,lirr,72700,-76
2021-02-16,metronorth,49900,-76
2021-02-16,subway,1630739,-66.51428571428578
2021-02-17,bridgetunnel,821333,-24.78571428571425
2021-02-17,bus,1061711,-51.72857142857142
2021-02-17,citibike,30173,-32.97142857142876
2021-02-17,lirr,74200,-75.85714285714286
2021-02-17,metronorth,53700,-76
2021-02-17,subway,1736509,-66.70000000000006
2021-02-18,bridgetunnel,456327,-24.31428571428569
2021-02-18,bus,725951,-51.48571428571428
2021-02-18,citibike,7492,-31.38571428571447
2021-02-18,lirr,58000,-75.42857142857143
2021-02-18,metronorth,43000,-76.14285714285714
2021-02-18,subway,1384407,-66.70000000000006
2021-02-19,bridgetunnel,608152,-24.428571428571402
2021-02-19,bus,809308,-53.142857142857146
2021-02-19,citibike,11813,-32.914285714285896
2021-02-19,lirr,64100,-75.14285714285714
2021-02-19,metronorth,48700,-78.28571428571428
2021-02-19,subway,1568728,-67.95714285714291
2021-02-20,bridgetunnel,657045,-24.09999999999998
2021-02-20,bus,679240,-53.542857142857144
2021-02-20,citibike,24517,-31.94285714285732
2021-02-20,lirr,30900,-75.14285714285714
2021-02-20,metronorth,41200,-78.28571428571428
2021-02-20,subway,1111970,-68.0428571428572
2021-02-21,bridgetunnel,605395,-24.58571428571426
2021-02-21,bus,516715,-54.01428571428572
2021-02-21,citibike,25859,-25.4285714285716
2021-02-21,lirr,25200,-75.14285714285714
2021-02-21,metronorth,27300,-78.28571428571428
2021-02-21,subway,837051,-68.07142857142864
2021-02-22,bridgetunnel,691608,-19.21428571428568
2021-02-22,bus,927414,-52.34285714285715
2021-02-22,citibike,19127,-13.085714285714474
2021-02-22,lirr,69700,-74.28571428571428
2021-02-22,metronorth,48900,-77.71428571428572
2021-02-22,subway,1585133,-67.22857142857148
2021-02-23,bridgetunnel,759850,-15.914285714285683
2021-02-23,bus,1040398,-51.41428571428572
2021-02-23,citibike,32743,-0.9857142857144652
2021-02-23,lirr,73500,-73.71428571428572
2021-02-23,metronorth,51600,-77.28571428571428
2021-02-23,subway,1733604,-66.82857142857148
2021-02-24,bridgetunnel,797488,-15.62857142857139
2021-02-24,bus,1099351,-51.85714285714287
2021-02-24,citibike,45122,1.9714285714284046
2021-02-24,lirr,74800,-74
2021-02-24,metronorth,53500,-77.42857142857143
2021-02-24,subway,1809852,-66.87142857142862
2021-02-25,bridgetunnel,814611,-15.242857142857105
2021-02-25,bus,1069420,-51.98571428571429
2021-02-25,citibike,42606,-0.8000000000001677
2021-02-25,lirr,75000,-74.28571428571428
2021-02-25,metronorth,53400,-77.42857142857143
2021-02-25,subway,1801708,-66.97142857142862
2021-02-26,bridgetunnel,851052,-11.157142857142816
2021-02-26,bus,1065376,-48.728571428571435
2021-02-26,citibike,43590,2.3571428571426907
2021-02-26,lirr,76700,-74.14285714285714
2021-02-26,metronorth,56500,-77.28571428571428
2021-02-26,subway,1826171,-65.52857142857148
2021-02-27,bridgetunnel,681969,-11.428571428571374
2021-02-27,bus,635820,-49.028571428571425
2021-02-27,citibike,30151,-1.5000000000001563
2021-02-27,lirr,28800,-74.14285714285714
2021-02-27,metronorth,38900,-77.28571428571428
2021-02-27,subway,1074256,-65.60000000000005
2021-02-28,bridgetunnel,619960,-11.657142857142816
2021-02-28,bus,491545,-48.87142857142857
2021-02-28,citibike,20804,-6.671428571428734
2021-02-28,lirr,23800,-74
2021-02-28,metronorth,27700,-77.28571428571428
2021-02-28,subway,811043,-65.5571428571429
2021-03-01,bridgetunnel,747909,-11.914285714285668
2021-03-01,bus,1020837,-48.957142857142856
2021-03-01,citibike,33796,-8.64285714285731
2021-03-01,lirr,74400,-74
2021-03-01,metronorth,51300,-77.28571428571428
2021-03-01,subway,1699607,-65.60000000000005
2021-03-02,bridgetunnel,763489,-12.285714285714235
2021-03-02,bus,1024511,-49.32857142857143
2021-03-02,citibike,31359,-13.828571428571578
2021-03-02,lirr,75300,-74
2021-03-02,metronorth,51600,-77.28571428571428
2021-03-02,subway,1752983,-65.72857142857148
2021-03-03,bridgetunnel,798577,-12.242857142857105
2021-03-03,bus,1119137,-49.300000000000004
2021-03-03,citibike,49054,-18.20000000000016
2021-03-03,lirr,78800,-73.28571428571428
2021-03-03,metronorth,55500,-76.85714285714286
2021-03-03,subway,1850000,-65.75714285714292
2021-03-04,bridgetunnel,807284,-11.19999999999996
2021-03-04,bus,1078036,-48.10000000000001
2021-03-04,citibike,39401,-14.328571428571578
2021-03-04,lirr,78600,-72.71428571428572
2021-03-04,metronorth,55100,-76.42857142857143
2021-03-04,subway,1812200,-64.87142857142864
2021-03-05,bridgetunnel,846071,-14.62857142857139
2021-03-05,bus,1041408,-50.828571428571436
2021-03-05,citibike,35603,-13.10000000000015
2021-03-05,lirr,79100,-72.57142857142857
2021-03-05,metronorth,58600,-76.28571428571428
2021-03-05,subway,1829185,-66.07142857142864
2021-03-06,bridgetunnel,728236,-14.328571428571394
2021-03-06,bus,696719,-50.45714285714287
2021-03-06,citibike,32741,-4.900000000000162
2021-03-06,lirr,37200,-72.42857142857143
2021-03-06,metronorth,45300,-76
2021-03-06,subway,1167887,-65.88571428571436
2021-03-07,bridgetunnel,662461,-14.542857142857102
2021-03-07,bus,525930,-50.8857142857143
2021-03-07,citibike,34620,-3.5142857142858617
2021-03-07,lirr,29300,-72.42857142857143
2021-03-07,metronorth,30700,-75.85714285714286
2021-03-07,subway,894177,-65.95714285714291
2021-03-08,bridgetunnel,767707,-14.457142857142813
2021-03-08,bus,1039763,-50.97142857142859
2021-03-08,citibike,37698,5.599999999999866
2021-03-08,lirr,79400,-72.28571428571428
2021-03-08,metronorth,56100,-75.71428571428572
2021-03-08,subway,1722930,-65.81428571428577
2021-03-09,bridgetunnel,791512,-14.228571428571385
2021-03-09,bus,1101988,-50.671428571428585
2021-03-09,citibike,59006,15.999999999999858
2021-03-09,lirr,79300,-72.14285714285714
2021-03-09,metronorth,57700,-75.42857142857143
2021-03-09,subway,1837670,-65.55714285714292
2021-03-10,bridgetunnel,804700,-13.585714285714246
2021-03-10,bus,1104610,-50.257142857142874
2021-03-10,citibike,53714,22.942857142856994
2021-03-10,lirr,78100,-71.85714285714286
2021-03-10,metronorth,58100,-74.57142857142857
2021-03-10,subway,1852702,-65.28571428571435
2021-03-11,bridgetunnel,836773,-14.485714285714238
2021-03-11,bus,1107502,-51.257142857142874
2021-03-11,citibike,66990,26.514285714285577
2021-03-11,lirr,80400,-71.71428571428572
2021-03-11,metronorth,59000,-74.42857142857143
2021-03-11,subway,1885584,-65.91428571428577
2021-03-12,bridgetunnel,873014,-14.24285714285709
2021-03-12,bus,1092388,-51.242857142857154
2021-03-12,citibike,68083,25.228571428571286
2021-03-12,lirr,82400,-71.71428571428572
2021-03-12,metronorth,63200,-74.42857142857143
2021-03-12,subway,1917972,-65.75714285714292
2021-03-13,bridgetunnel,776744,-14.32857142857138
2021-03-13,bus,730218,-51.4857142857143
2021-03-13,citibike,52487,18.757142857142725
2021-03-13,lirr,38500,-71.71428571428572
2021-03-13,metronorth,52300,-74.57142857142857
2021-03-13,subway,1257372,-65.7428571428572
2021-03-14,bridgetunnel,673170,-14.185714285714226
2021-03-14,bus,531754,-51.47142857142858
2021-03-14,citibike,42696,16.614285714285572
2021-03-14,lirr,30400,-71.57142857142857
2021-03-14,metronorth,31800,-74.57142857142857
2021-03-14,subway,923968,-65.62857142857149
2021-03-15,bridgetunnel,774146,-14.142857142857096
2021-03-15,bus,1023990,-51.51428571428573
2021-03-15,citibike,33654,1.7857142857141497
2021-03-15,lirr,79300,-71.85714285714286
2021-03-15,metronorth,55800,-74.71428571428572
2021-03-15,subway,1733288,-65.70000000000006
